Customer ID,Recency,Monetary value,Frequency
001051abfcfdbed9f87b4266213a5df1,91,32.03,1
00447b6bd39c4a0f6366b05948f9e2e3,64,303.79,1
00b96a156e6827442e5ec7c620a39d24,129,55.22,1
00bd2f03a3aeb727b9c7bf7c2a1c094b,48,72.08,1
00f394e6fc446865ac4097b6db69ef4a,28,289.9,1
0117fcfe90f5c0df487c5eb4ae067aff,35,170.44,1
0120f40c1cfb22b538c7f78c8b5265dd,104,82.33,1
0179f2f4c32e0b0c2a4cb0d57e7d5a26,110,1308.18,1
0184a596785fae3af62eb04f7c4221f4,103,108.92,1
01a61e75bd333a349351fba370520597,9,256.59,1
01f4581bf20e14d770c5de782d7ee783,23,75.17,1
01f57b226a3850a260e40698c2bd2fd6,62,419.03,1
020e0c200a053638412950ba455d5b37,55,400.66,1
02469bb79cf0096970abae40244a4c6f,17,97.32,1
024a05bd7b940e8cf5827498ed1e039d,87,109.74,1
02502a29041f75b4982896ed8ca6e736,79,41.53,1
02628c7e9eed8af6043c70257a7a87c1,107,219.77,1
026ae2477af95b832998d23578eb4336,45,163.82,1
02d34c287580a6f46ad7ffc395bbc208,86,32.39,1
03071a983e944c48990031952443e211,69,314.81,1
0309690623536dfb91d1ba2154c69507,120,28.38,1
0346ede17045f279840b35cecd360d14,5,87.81,1
034dc20625271d7092e8228d1a80cac4,35,35.23,1
039c5d6f330c73420f1658e63f67f0ff,27,29.77,1
045a67d23d3e4a1cc8aa412d8f8b79d2,91,309.35,1
047965eae6564b51ea05b945966ec595,19,151.06,1
0492fbcccc19cfdea66d667173ebce63,20,27.89,1
04e78263360f4c3aee74cc715c333608,111,83.46,1
05401fad06eec92dc8a514d6f277d68b,58,78.64,1
05c3177330bc9de5e895ecfe6eaf9687,132,119.57,1
05e54a5f9eb2f443192d44067147a451,147,76.69,1
05f1c2a8e913a4084727ac728bbdbec2,28,96.17,1
060a46317755b43c75aa45102a4e96d8,38,83.79,1
06d529bccb0825265d8b5b73c66e53d8,10,43.98,1
070bca17bc76a393ba985b11b2f9deda,128,152.66,1
07390941d6bce5dacaa94780a994022b,38,157.79,1
07396c453f4681f7be214112539b29b8,55,114.0,1
07660608cde07538da3a7ff7a838af11,106,33.19,2
077e58337411253659e060d903cec280,12,27.89,1
078e99036000210bb0d5abb62fdeecee,16,370.22,1
07b49e1f48e3b25898e300705a980b55,28,81.28,1
0829a7f317e4c74aaf5651b578c781fd,34,210.04,1
08a4e770189d6ee87c5d3b58f9f191f2,115,52.87,1
08c09f773095ffbf190840b7b922a4ea,64,67.43,1
08e51bf520ca8cdd5f95c5f38192598c,134,233.93,1
08ef50ea1923ce347f194bbc8d8e40e9,26,123.26,1
09352cde5645f4fa5222caca529dd24c,120,124.13,1
0952956c78aba45f953cf2b24cedca84,27,109.4,1
09fdefd1702f72c144ad0de71d639900,127,57.69,1
0a133589395921bf74897e05ec96f1f0,29,45.52,1
0a1ab2962856f2d5008692f7d6e22ce2,19,31.99,1
0a2fb338be75030ed18b1c9073863abb,76,489.38,1
0a312ef8311e4d1c2a9855f3b192878d,43,135.4,1
0a42f79acdee1c80dc33cc9539e13b9a,110,187.59,1
0a4570cba5c976d25642d380f906327a,18,74.64,1
0a76f003f75729860b9ed8ab323df7d6,128,50.15,1
0a83963fe3f4833080dc7847b30cee76,22,209.46,1
0a8556ac6be836b46b3e89920d59291c,125,99.33,1
0b35cf387e2b991b1a6928a3cb351f0a,82,98.97,1
0b5ba46cf03cfbe33cb831c793b78614,100,632.74,1
0b5f60cff1a206e0bc33c120b8db0335,127,89.7,1
0b66b013c23aff19e0629f10dd2483f4,42,108.29,1
0b70631e89b09a3dc8acc7d20d595b18,106,1052.36,1
0b749bca20d46dd7bcdd5a94fe54117e,31,862.08,1
0bd74f1b5a443003dd5671bf1eab744b,7,124.83,1
0c09a5955ceae2f951a26b5f0f562c84,54,1049.53,1
0c30d6931a3ecd7724601a0fbf5151e2,81,71.31,1
0c562074c5f964adc5bcfa39d647a834,140,196.88,1
0c89a9e6294064d33266e47d26e79f15,100,164.66,1
0c8d2c8d7de4b3bbb87eb8475d964252,83,438.52,1
0c99b2b452519d45c5621c21b0f4ae12,13,89.58,1
0ca219acb9356eced4c5c3140f88f96b,30,65.01,1
0cede16ccc38deda442181edce152733,126,113.35,1
0d161cbc6e76ebb664969c45a8ef1862,83,499.52,1
0d322d00e59c4e1f3487753c793d89a8,61,425.79,1
0d573cb6681904906ea6b9ea47662c99,23,46.29,1
0d76663c9eafa17cccdb1af85030e8bd,71,88.32,1
0d7f715445e008343eee592c11f0fb12,21,147.09,1
0ddf8285e8d523864efdb434122f13fb,57,112.42,1
0de7d44b44cfc0a0b7d77808e2026bb3,125,41.78,1
0df33b409cd66353c380327afa092214,94,223.36,1
0e620b2e35b839f1e372e03afd6bd9ab,20,171.88,1
0e8d765796aac54580fe7f1a3a6c5e86,22,193.84,1
0e9832988bc93080e7b8ce36707b3bd1,132,95.34,1
0e9bbc469f18383158141848f6c51923,72,75.2,1
0ee0bf22ca4ebbb591a314b4689c8a36,116,31.55,1
0ee95c043bcf195d5315984c992278ce,67,112.09,1
0ef00481c9167acfacca4616798fc06d,102,311.53,1
0f4ca0a41b7dc9168f18ba37173316bf,96,219.27,1
0f7efdb333a017bc95a8e3c0a930a432,45,176.56,1
10a8647af4266423ee2e0e4ad5bed737,131,87.32,1
1118a9782ac9c9080b3f6fbdb92be7d8,56,195.6,1
11e05e395828a7317f3a8eac9ed1a7ea,133,94.51,1
1291f934fe7340aecf7cf73d56781a35,22,288.86,1
12943cd75dff4407f19eaf7b7dd80d20,73,65.92,1
12d1b4f01a98d5300ce2b471a0190721,138,157.83,1
12e7a4d8644fba0b64b0123f8ac5b555,32,224.45,1
13368f1b7479cf29edf6d91e842f23a3,27,49.59,1
1375316ebc7ef4583b565e6cffa8c717,101,109.17,1
1379dcee952b1e41e65f13755f51e001,62,48.21,1
138dc7414f14d963e93984a277f9d3e9,69,76.49,1
13d21f0e70fdbeea58a5dfb183f2f086,104,83.75,1
1400ebf0d96ab707b2ecf5cd40091a3f,70,78.42,1
144f886ca054309d0501bfe4c12d3174,131,141.66,1
1472a76c9d36fd2791393544b9c92983,113,132.68,1
14945bc802d49b0f9f68f2ea8fd060c4,114,856.16,1
14b058d8b33ccd7b9812da8653b73003,9,425.94,1
14c1e4101ca2dc7dbf876d9c9e6b11a6,36,702.41,1
14cfb847ede5c34c45673456203da884,108,626.68,1
14ed3e209d3c30fa876e039840c8c515,75,288.72,2
15597c6e1060d323ac01f89a332903d7,85,138.91,1
15682e5411338f13bfe06c922de887e2,23,196.49,1
159132ab31eb3c8a1061ed18967f720b,84,3276.7,2
15bcef2f4475d08acbbe0daacdeb7f46,82,65.87,1
16049168e8b673b28d09858c49418c49,80,91.99,1
17366be29e9b9f1d0a010264d2cd704e,24,483.09,1
175331ead0c0b4d45364cff5f238cc8e,20,110.31,1
17f4134d647aa6ec7219495933975d6d,27,88.48,1
180eae39552bf810179a896b88693f79,26,195.54,1
1833a0540067becaf59368fe4cd4303a,107,23.69,1
183d8dccdcdd93c6e9f4f934d6cfa235,6,123.97,1
188ea0f9daa3db8d23f2b825ada26485,102,74.5,1
18c30a4de034e640a9c6b0b08a756ae9,78,13.05,1
19025767fd014dc53f487acf433f9402,117,199.8,1
195d4fccba77a084a0b2ca23c49db18c,11,74.48,1
19a8557e231a08f8ba5848eff79f1199,77,373.79,1
19accc9f4fa91716d819ab1cbf30a916,73,33.22,1
19ae64aeb72ed9ce72ddd15b080bcba9,121,73.74,1
19c9c76242909af3b476a8b0cb52dbf8,111,72.1,1
1a187e61bc83d03ff6e887048de8b269,68,62.65,1
1a4b8beb3962475a804e907c79cf8f51,83,88.74,1
1ac9a0736234e09e7cd9a9937993de11,111,628.22,1
1ad961b96eb6c4680a8c35b8dd426d42,50,315.17,1
1aef425f81d7df80fbd462da5aef53f4,122,99.27,1
1b041c48f40d5b43b5a5d1a22b78cb4b,63,148.94,1
1b4c056dff354094ffee2ecf97ae4d46,43,67.49,1
1b622df06565612870f1f1ae7f77bee8,92,232.17,1
1ba1881ebdbdef7f2d119f63a4aa602c,42,117.58,1
1bbbdd3468f6b74b00350a5b699f0315,15,200.35,1
1bd0d28ea82c44fcd1acdb41b4f464ea,19,108.33,1
1c47d3e98ab6db520d78634dedff774f,12,62.92,1
1c78fda0fe9c74e5e305a729e2734c82,68,9.21,1
1d0da8bb4dd97014f97ee0e96df2be75,43,175.3,1
1d47feb38990a3b5bf7f09ddb3348370,116,68.15,1
1d6ed38c8b6ab482c59215aac29ed59f,132,5.49,1
1d734c634745b4b85d598e2f097c828a,86,67.93,1
1d7dc770268b6a21bd58a278a1707794,106,11.25,1
1da77576f75de6e11b97a887bf8b353a,36,87.2,1
1de6fba12e5abd0cc6bf19f9cb96a59c,37,201.29,1
1df603a36119050f00614b6f35a2461f,78,25.0,1
1df66aed5e5ac2cd2301d813537945dd,29,400.68,1
1e512c6eb672d5c4b47268752d86060b,113,195.63,1
1e8cf2e3b4f313dcc79f5dd092220f60,127,131.45,1
1ee7676535dc405dbb88977050668100,132,12.33,1
1efa6313bceb1c18c02fa46f33c6ec77,126,167.88,1
1f417f8c558d5377ea279c84eafbd6db,43,64.32,1
1f91e5b12976cbf0cc92a143dda96e0f,84,249.57,1
1f96d58caf84db1f8af2eac92a2e2968,93,84.76,1
1fa24fc6e59f9057e4122afbd1cde978,105,194.13,1
202356201a70a663d8c0f77bf413a3a8,117,311.6,1
204c5273cd3900765b544887ce970002,83,42.39,1
20609d696686ef03d3fe91fdbbe99b71,77,50.03,1
208954ebe4665c5b2392ff5b25e918c2,130,123.15,1
2090ba0c4f3d786d822c4a4ceacea7f2,121,138.52,1
20beaf3319dcb7deec6ab4db1e559e8d,48,35.36,1
20fb94e0cc0f98c6bedc0e73bea1b98c,88,369.1,1
20fba61eb3577801b7b778402b1e9db6,15,41.16,1
2158a2e31d4465b16cec3d61354dee03,15,82.55,1
21670ce0ba4721029fd7c5aa148eeb3e,122,163.02,1
2168b883f688716295236c7501ba93b1,123,69.9,1
217dc0e0ba8d055c0d40efa62678a8a1,33,91.18,1
218053c7c5774b41b40b5a9060b32ae6,8,94.47,1
21c536c8261ff78c0ed65d9e2323fce2,35,50.72,1
224dfce9628d0b53567eaecab61f5f4c,64,199.68,1
2277d479ba033b5878e10616e0cda399,64,750.21,1
22abcf13104241895955bb0cd5ecf2b5,244,64.24,1
22b43b0d6deb1ba2b9a976af12c6633e,66,136.06,1
22ba5f25614614247dce2c95a3c4f208,165,123.18,1
232ca1f033dd8ad12db889fb45d8b8f3,105,42.78,1
235653dc9683328943db2e5c10db3d12,28,43.17,1
235def1eab8de4d14600df59fc1e4ece,30,186.39,1
235e60205492c88cd6f41bfea21f7b62,21,159.62,1
23631a1a0e3f6c1b41be9047d1385db1,79,25.03,1
23a9e5fb434a3b654f4195d3e856d79a,27,403.26,1
23ba08671cfa9af47bf10ff731afb507,113,99.9,1
23f79341ad1ec38bd2395329a90d30e8,19,66.03,1
24207156e277e6dfc2e231c63365d271,93,73.27,1
2437896c0fd2db6eab2c59f5e47be2ee,103,394.16,1
2487a1f2ca00d0bbdd2b768b7407d75b,28,556.69,1
249ead6a60c68710994208dc93955831,34,143.64,1
24d30bd6b3b091d24728c9ae06b02b05,58,415.0,1
251782bc82d793bfc38ff538aa37f263,87,152.99,1
2519d1ee05255f59ce3859c02dca3d6a,48,439.68,1
252230964e63dc483b06023a916ac62b,137,93.39,1
256275249fa68a977dc44e1d73b94e4d,84,788.23,1
25c66955a6eb1e7d7e4c1f9130fccd6a,15,32.93,1
2612be9fa1c54d759c1f40d7927d9bfb,35,77.14,1
266636baec3cfa8d854713f0b465a2cb,34,62.82,1
26936078d32b04563ad9ee6611e31e4f,20,100.09,1
26bc7a790e0b09e634990bd957f09ef4,46,105.51,1
2712ec2a4f99ec90fbcf6b3829d59872,76,112.09,1
2717c5939d8b3dbe3d99319e16bdb6f6,106,251.68,1
2730b508803cd84b892f1a6f93da0f70,85,166.92,1
273cba7d43266b9fb2737824de113e43,145,134.12,1
27764b8d1e3c578021cd9c899ffd98df,126,93.91,1
278003098109cfa2d2625f4772cb2a57,97,39.34,1
278f8c368289d78d344c85126efdd50b,14,66.14,1
27a2735706788ec6d39d0de52ce2457b,125,71.99,1
27a878219114302047d41366ffeeba1e,69,112.96,1
284e326e8a71e55bdb0b210ddfabaa27,22,1480.73,1
2899a15d86ca65cd24d1fc9a0deaf800,90,70.46,1
28c34c93c160b8af311c852cd43f920c,29,31.33,1
28deb679d1930565c09da8da090cbcbd,14,33.23,1
28ec421c2e511974913b1f90aa0d1c22,55,339.03,1
291fd0287b7cfd75702b9be21f23f1e3,34,53.41,1
2939201dbb94797337b7e580fb86cd32,84,260.6,1
296c26d206e506dc9b6ae943e7324ffa,35,213.46,1
29c830f587505d49e0c948cb934d8c26,119,149.86,1
29deb00c7e695e946f532b093ed6aa99,106,63.23,1
2a05cf4f64b566c39a63f84314e9f336,113,187.84,1
2a0bf30f53d53c759be496caad1e1ae2,20,74.19,1
2a51c71933c7ab32a41cf66b2c797882,89,179.86,1
2a6948d5a2d84f87a130ad8c02b542e9,61,406.78,1
2ab6da3352a583231f68a16897fff0c6,27,636.18,1
2acc65b3540d88602e20554b42667419,79,136.73,1
2ad23c1ae8b1bd75624c1c1874f1fd6f,5,67.25,1
2ad25d0d9c260ae766dfe444ecb901c8,22,117.73,1
2ad313a8287a197d9b303c380a6981db,95,35.38,1
2ad6a1964e68226e5707423966a8a1c6,79,108.51,1
2adbfd185ec2db71abb59a54b08c91ad,45,127.46,1
2afda983fb05aca314929a1352960eaf,55,29.4,1
2b141f94788b2cced0125f3159a92aed,131,38.28,1
2b77921222673f5f8c7d73279c7bb251,15,70.9,1
2b7b9574c7e5ce266ee57ebd7a5ca094,6,211.35,1
2b96518cb643c44f4d15da3c37d178df,107,44.19,1
2bba7472e1abb00f2e48d4740879c096,33,118.74,1
2bcc94fcfc3496453107b83bcf7f277a,66,312.37,1
2bdae9a21abc7626c9a17dc8c6c3a940,114,92.5,1
2be7ed20366b69aeb7a6a366adfd1005,161,28.73,1
2c6816f982a6897814acd1aa00c7c316,45,167.32,1
2cb427e402525a74cbec079d7b9be168,36,99.75,1
2d09dfc044031584fc09a6c003c06953,44,106.62,1
2d96fcd378f95a432e17149d2e169247,30,138.99,1
2d9a7f6bfb053e602cc26e9c77c5f2ee,91,139.36,1
2ddc27e5edef347a9c31fe3f4264675a,134,153.96,1
2e1ca63e5627b6125345cdd302d99835,134,129.41,1
2e4944041038aa2b71a74eab8d9b819c,93,157.26,1
2e64e5e8249adfb083002ba9557ad24a,111,37.13,1
2e85f736535c5bc4afcdc3c86b429eae,13,91.16,1
2ea99a95ebf94238ec56b30d6d2fa636,87,133.18,1
2eaf94a9ba1341b238ce32c43a9a848c,67,71.43,1
2ecb17e36f928982da214aaae7f2d7aa,54,137.73,1
2f2b54617adfcebcaba988cf6a78ef7a,69,53.95,1
2f51a7d835dee9667b44d77285d61630,27,405.03,1
2f54fe23880698b37d980be4da8af756,1,59.0,1
2f74942064f74e8ca891d7db50ff815b,119,48.94,1
2f78ef832d692748084dce34b2386d99,162,160.55,1
2f7a0d01d00f7711a9334e4266cf0cfb,30,351.5,1
2f8294655841bf02f2c48d24b18413c4,25,335.19,1
2f937d962a1f0691576517e89efac3f8,22,589.42,2
2fcb7134817794819a8fe5e29c80fb9e,86,223.26,1
2fef57f217a4ccfd0d8e3bfe20ed20d8,26,83.48,1
2ff967be7f6652e68ab0c412054f6aea,32,206.54,1
302e2c173a66a78cce4229248835a524,83,31.22,1
303fb7551f5f1e31c71dc4a84e202375,8,169.13,1
30439b4195a59628af126119eea46514,35,129.19,1
306236b26cb49de7dc58a2c121dbf0f8,45,78.97,1
306e7c7c95b0e0a2d2c221fada96e6cc,88,168.58,1
30b5c881869a4f616fc0824e06f641de,57,49.3,1
30df2fd4f752dfca68a85991feac13af,119,53.9,1
3118aefef04e5e97d0e339cd75d6d775,155,100.0,1
313bc196737278f240ca37fdd878b844,44,420.9,1
313da4e668f47725525d85459b580bde,26,154.18,1
317072fd23410f845f2d3beba3747e62,105,88.26,1
31916c2ef56e3981ee1aa02ce0bec4b2,105,199.14,1
319a71d1061c0bff9af2fd98eb3e8e14,70,4.11,1
31eaac4f3ea617df8b8e5077436679d1,124,65.79,1
321d5053bbc505f4ef4c74c3a1272eb8,68,64.62,1
3227fb6f17d3a5f8b131c9782516ed07,105,21.04,1
32367359f4253fe54dcf1ec1b4a2273f,86,149.36,1
324c9f379509b9746f28abfb4b235b72,71,35.23,1
3270c7818d607c004939b3dce822df92,58,48.52,1
330441c65d1a98dd6e2055bef56cb55b,56,51.29,1
332153cb7b2d1057579a81e9cf77c5f5,34,36.68,1
339db63dd455ed856b62804c7f4d3a7f,112,82.16,1
33b227a9e9ab376b81f76585279e3dd1,131,226.07,1
33e66871536941873f7c041f120012be,19,435.93,1
33fc7d02f8927c6df7fc760b3393ac62,9,43.27,1
341babf15f52e484fe4767376cdce1f6,62,859.71,1
34a79f5a6da69d0473adf86a8a622f56,15,173.96,1
34b3b3f183f9d4bc8f747fd07e34245b,9,40.15,1
34c27ed6f4633b1575333f185f8910a5,37,58.59,1
34cc4171f1653be2c66b278bba591ca3,75,307.54,2
3531fdff227e1e951edf02468e53d9c7,14,309.84,1
353d47f52847eb30e1e0efe4696f1e06,117,64.03,1
355a3acbbb6e562f2221b26de02308de,64,137.7,1
35b6033213b51c89ca1e4e35de9a45e0,59,1576.8,2
35e3c475bf7bcacdb7ba3a698f7a56c8,63,19.69,1
35f335e770081fe4f2df0a8e7e7a2888,81,0.67,1
35f96e58f8d8dbc038a306283c9b4b4b,21,77.25,1
365667aa88f6a4dbf2b4fdf13b003d3b,78,122.39,1
3664970f078371fc4638701954f6f048,64,149.76,1
3678034a0428898b73d8c6a2b353e769,124,237.9,1
36899cc7265e3e18e35450c195790ea4,58,120.98,1
36d02abe1f902dc19db2f63819390ea2,105,38.35,1
36e597b29aebcb406abc514198ed1522,133,134.06,1
3726c02e55f57eb122517c1238d243fc,127,284.42,1
372f7f836207b31b28bf19651ed09d6e,41,9.55,1
379a9e6829ec6c022436c3cc4088fe1a,103,172.7,1
37dc44dfae678962e8b35133ab925246,16,11.16,1
37f07e12d03c9e5974c009fd8c73e9aa,27,57.99,1
381236979aa43bd28a692c065917393d,9,46.44,1
381a9502dddddeca0a953c27ff22605e,138,123.31,1
388305bba4b367ce3be7023f6edaeade,42,124.57,1
39185bd4718b6a5459a822c7698891cb,90,63.22,1
396807fcc35170166ffb388d364fd486,125,96.13,1
3978ee377ac60d71cf524dd470686e26,34,359.13,1
3999c492cf5ba2461d5da388dbb28aa1,102,33.13,1
39b67859bac381141ef9b5ea717666b0,142,71.29,1
39de0d11bb661ebb0dfa0067edd5292c,69,778.05,1
39e6eb3d7b6113d9a44bed5583ec3860,66,50.27,1
39ea5fecfa8dd33f8dc7abb45fb29d82,93,33.16,1
3a877e5eba37d36c050a3e5f11083e5f,26,221.81,1
3a897024068ed42a183de61d5727d866,120,37.38,1
3a96280db571ee2cd795421518e3fe66,34,74.02,1
3ace417f46e2feb1f83c8e8ee4186547,45,785.2,1
3aec6e3846fd122ac430ac1a816107a8,88,112.67,1
3afdfbe97490e2de65689bd2ea60238d,18,48.73,1
3b0083b0418552bc7b8a1a083d03b56f,36,104.54,1
3b06aeea8f6124ae0e66e6fd1fc97ade,97,27.29,1
3b30358d0925561c9abffb926e3ca0e6,51,66.91,1
3b6ad7611d288f2e059ebe868d7a5948,67,83.12,1
3b6dc76e9598654bd9fc7a898ed4813c,23,36.02,1
3b6f584d425941c2dd51374691d45dff,84,43.38,1
3b86fbb06ac936d02fd8b237538291dc,107,154.53,1
3be2ef4ade2e034b28c37f8c996bee27,133,113.46,1
3be90202886d6cb57a63f578f4f70cca,30,222.35,1
3bef7341efc8f099c1ce8dbb59a409aa,92,180.55,1
3c300c979203f90dbe68b3434e8f4dc0,41,123.75,1
3c73f6fe4ca4dc02556556c8842972fb,65,172.41,1
3cb2dbb0982e2c3ac0fb60850248a0b1,50,62.65,1
3ce2aed29f86a6e0051d5dbe89c0306c,121,132.82,1
3d0d83ac2090c8d591dd28ddd943f093,56,140.08,1
3d2f792b801f3154c6e2b57039f1d4af,27,386.17,1
3d467c5762bb6d35042b28517d723219,78,174.13,1
3d67ed4465f06c12893998418e08fac8,47,862.39,1
3da4f5f4a30f156e67fb6e3eeac00c0e,82,126.87,1
3de54af5bcf3d0ec23cb153a187c9f3a,46,410.91,1
3e337c99e0f5ff7ba9a4b98fbf7412fd,107,158.97,1
3e6b478fcfd7aa346af38ec71ec159ae,135,133.75,1
3ea720b336a4ee1c2a5fa2b77cec0d48,42,73.89,1
3ecf287e60258dfed757101c7228bdf1,133,107.8,1
3ed0c123ddb36edc23e61294855ca7a3,11,73.06,1
3ee0e8309e4c1f0baef48886dede4e75,103,394.16,1
3f0bd16414d5fee5cb1d19769c3c825e,101,207.26,1
3f0c4f20e1fefc38906f69768c83e2e2,84,76.05,1
3f44331491977449e9c1dcc16d007028,127,171.0,1
3f618b0672cd14c6fc5770902dcff0cf,139,88.37,1
3fbf2a71c639926ce379d4c50b475e98,43,338.07,1
3fc1728dbe8a2b9375d4b530b8932550,63,151.5,2
403d0f281c358682cc8cfca17c2e71b4,20,201.89,1
4074bd6acc805899fffe98d0a3f2a27d,8,63.39,1
40bc1202d31e52d9e121fcf3c6cd6149,117,97.39,1
40e7dcf771ca0ec3ca8385388775f3e7,118,113.11,1
414e2ac71d455f634d69e610e2fd3b39,49,91.53,1
415639f216510164ef6642e993548dc1,127,121.78,1
419e13cb71b2c3617bc281863c63dbc4,116,136.71,1
41d6eef6ce1a80013f40a19d3500269e,45,153.31,1
4238449f57e600dc2183fa60672b3c1f,82,294.73,1
423a14e6fa2adec3fefe8c46c9026edf,21,32.32,1
425f6c6bec6f98b846413490336033bf,104,151.78,1
428a06c273e1ad93a856ee33f7febd14,9,329.8,1
42a745668db9403a33580aa5c72271e3,14,28.95,1
42af8b51f3d4497557e7c085a23eec5b,129,224.87,1
42b3b672e11bdf08931bcbc9ebaa7eb2,36,114.67,1
42cc774ba04ff98d3a0d1d5688e82696,59,176.03,1
4346732f4434b2e2e2f772838cc4798d,54,201.28,2
4351c2eaa6563ace78e4793c5459fdea,109,121.12,1
43553a559f05e8a6a4b306a55b2a1de3,106,331.68,1
437ad6139f698f32fd5301c1bc636e60,100,279.05,1
43ab53dd49eed1db9a84112751175d74,15,128.34,1
43cde3a4c7519b7d40a8c0ca102754b5,140,129.88,1
43de04dc7e0cdc9aa53547832a059ea8,78,87.52,1
43ef6d921801cd218aa1933147cc312b,35,35.14,1
43f00561c2493b127004fd24ce4661ad,137,1057.4,1
4446b59d06b177573bfebf6be6ff37a4,43,235.26,1
44a7a192f080bb63e061c2537acd4ecb,105,258.51,1
44e901b8be5f6dd05a27589aa95f7679,110,163.21,1
450a308ac9087c11e52bce959ef00335,123,37.38,1
4568b6ca77fd9f28ed5ba06a4a8f2e6a,137,92.5,1
4570a39e7f01b82615be718c2116ecb7,74,137.74,1
45e3f9d574b70d26719ba4fa0988f07b,87,148.72,1
45ea718c3e7fb98d483c4a66455db9ce,39,126.26,1
45f416cd82ad9c52c6ed085aabf3f203,46,186.38,1
45fdb07446bcc42a741f1f8fd5884c55,14,55.64,1
46071acaf5b9ea238098f75f32c7fb93,134,158.96,1
46211faf2450ca3d0c0c9e1fd6523761,26,212.06,1
46acd0958d406a5ef836023f8d1e5a00,50,203.96,1
46e0639aeeaf0ed627e54107a9726620,111,168.57,1
47046a7bf901f66a12fa296a5982f5ad,94,312.74,1
471c58cd2e88e9d71cb55ea00452a587,23,411.6,1
473e975972852cf59f2f6eb66bf796a7,111,83.7,1
47582d9527dd8483589057d536cab7ae,82,147.78,1
475f9b601c4b09c1ca46c5e534cb04b2,81,108.88,1
47ef4aa19856c707b7ecf4e1d6983ba9,115,818.4,1
4828dec276b8e9249578cab092211e13,107,153.72,1
4843357c686509ee6aa2c1ba02aff371,125,244.45,1
48961cfec533cf17b135ded190707882,7,224.84,1
492048738031349eeec08979ca43bbcd,83,368.24,1
49253ab6642f4857f50f36d4d9005289,110,276.11,1
494135b0bd5233d349196e0df60d2211,30,196.36,1
4979ba0e6037e4b28ad9059d4f070001,124,99.9,1
4990b5e2dafcbac0359044f3051f9f11,125,189.0,1
49a4a6ad871b869b17d18093427d5fb6,37,274.9,1
49ff6d6e358e4b860a1a8110a214472c,127,49.18,1
4a223eaeee96be7f334e992863178d50,25,445.59,1
4a6bf8e14787e241f4d5dfad9a6dd6bf,91,58.18,1
4a82327166e6f4e44b9e02aa781b9500,82,88.31,1
4a8901d60a3004ab988ef51c6c258764,111,61.73,1
4aaabb1804dce1f958d0c033bcf77517,30,83.05,1
4ad01985d5063053b72dbd0191762f81,85,617.79,1
4ae477e15a54cbcecd6f66edafef1cd4,83,210.8,1
4b17aa73ba6fa555940aab81c6dbe893,94,105.66,1
4b25a602db6555d3fb9b68fa850aa954,118,99.9,1
4b69f3639cc30d3f7def640b4a4ad87a,21,320.04,1
4bc646ae05592e767e3f80ea2b1b2d97,10,75.42,1
4be9341dff0e158e15b7b68ae7cf3479,86,33.42,1
4c0cc747ec797ce30ecdd9efc0e0ca1b,103,963.35,1
4c1b8930f360b3998f1082a25c99613b,118,126.64,1
4c2596cc24c1451ffa0745389966d535,86,102.87,1
4c2c2a4401219b69cecc92106c149bd4,94,891.86,1
4c387e88401ccad5d2caef58bd1e2640,78,37.82,1
4d132450980ea1d6d7d7ba282e4c7626,79,454.76,1
4d2219481428c1004c9275a686169e01,28,500.75,1
4d2b437b97759a4c9aefc82f29621458,66,32.22,1
4d92a80d65b5edabad7ce77c4beaafae,57,139.15,1
4d9add304fabba91f789540b260b8190,44,259.33,1
4dd6a13c6c65cd631948933e090067ba,43,193.06,1
4dde8f4b64e3c3584c9edf5fc3bea545,123,123.67,1
4e3e8e279a5a97ad1232c4176d161eba,113,125.5,1
4e8cad1ddf8145e68b56b4fc79b61637,79,43.13,1
4eba4e54a08ee98d9031561c10c499c5,41,122.8,1
4f2dfeb959a2433ea55a19d655c41f00,8,135.82,1
4fc4a9bfcab21c64c43f8475ff3a6e4b,125,83.37,1
4ff41b1c00bade23c1ddcdabf5fe9009,78,415.51,1
50c78c4b3b336807891817726f2c318b,35,116.62,1
5147543c7fba3cd0cdade7d54a1101bf,135,149.1,1
5169edf26de744834d951d7481bb89b6,122,204.18,1
51cfd300bbc06c4c9de353b7c56c0dae,118,174.99,1
52012c91a845e029dcb0f3b305289415,22,107.4,1
52501cba96d41957f1daa67592b41a74,7,56.36,1
5255f7cefc8d0ae4717a714b4484b5e5,113,131.35,1
5272d8676880914db6e41921f373f59f,82,368.06,1
52785c19610440b44c7ebbbe7b009b6c,131,210.22,1
5284c4d2691988b1689d22d04a002d34,102,32.39,1
5295c0f1f2053aa636bc034c2a85ab44,116,46.13,1
52a9dc68b108aba2ed1776eb6cda5c0f,11,75.74,1
52b310d77f49ba824555bf81f1c93b08,36,137.75,1
52cba52537119edf3f855dab63b3e7bc,126,41.03,1
52eff6a6565545f41f636883bab3f2e8,118,340.1,1
52f9bb76c4fbdf5ba4dc9bcfbcaeec51,116,734.09,1
535a1ea70ace4f44f74c6e88c26d2008,57,70.28,1
53919e6dfe1a7726f30dd10c4d89a085,102,115.57,1
53c312b1cd2febb91dedfdcce49bd1d0,74,53.42,1
53eb1634b3c95c9f1766f592058115d9,35,85.58,1
5416a712082f252d95466d4ee9f2e4fd,13,192.39,1
541b8feff9af77de5253a26c7b2dd7b9,23,118.35,1
5478040f977215fe64805033d2e8612a,95,93.09,1
5499897b58c3ec629f6e695d644177aa,51,91.72,1
54ae421973032c25067cdf03e04be610,147,203.02,1
54beafe443d4349d60293245538ea602,80,77.95,1
54ef4ab32481f5109378c975bbe5faa9,117,70.24,1
5547b9a9292eda0a94548b3678bf0028,48,110.02,1
5563bcd137c276544c67d76ee55b0a1d,25,98.26,1
557d2a7a51948f32c7b9027084d8c2c8,34,78.18,1
55846a9bb9076de56da44e430349ad1a,132,117.99,1
55a365cf4d82f1b6e044a0da88b681a1,131,604.76,1
5614ed9607d5b54560ed4b3179b602f7,28,206.43,1
56622505c5b8e35701af6c6a4f0d8e9b,37,131.18,1
5664c99c72a7e730f84d58a4124e1fe4,151,456.16,1
567376707a076e91e727a4cd8883be4a,63,168.8,1
567936cf4ec7231dddcc813cd75a5ee6,46,203.91,1
56de1e86668961e5442c922e3762b620,11,175.9,1
570045158cad692d4451429defac5f56,116,41.46,2
57244724368844b9ccf59f216d2bb822,16,596.56,1
574128bafa81107ef762bae0b192168f,107,42.83,1
574478d054c2bae93a3c66c8a32f4fd5,92,81.42,1
5767d4465dcba8fad68828553be9f5f4,59,31.42,1
57944e2cb57ce4358ce5c33d42963261,100,206.49,1
5797325d4bf11531fcdec2b37d96c5a5,109,149.87,1
581ee503fd22bd36c99119cbfb230237,93,182.94,1
5827bcd580d9c0a637c3482454a6d0cf,105,136.44,1
5846e59bc6fedf6418b9f8bcc74fb06e,9,96.57,1
58cb54447b21f4aca2465eee852e23b0,112,229.15,1
58f28288856f391fd920e892adde9393,138,84.86,1
58f2a48696b2cf8da50fcb21f8512c14,132,148.85,1
590209466c98479a726e530d9efab37f,114,48.96,1
59168d27c5da6a50e3d1f03d482e80b2,40,161.37,1
59227a9b6b75b6c0612c26336eec0a47,133,87.97,1
592c036b000783dd7f898c8630f0dddc,18,673.78,2
592fa548b2b29cc92868b9d78d1a44c0,83,147.48,1
5941cab9faecc602df8b6e69150b9d65,152,126.03,1
5975709105828e59aa92011e083dd9d8,133,87.64,1
59767164df7391ae2e7fb56a665ca02f,114,99.9,1
5990f7c1a76e6442f8759da9aa555d21,63,33.33,1
5a0ce17620554f641a8113fc965194c5,13,813.62,1
5a62643ba68cfaeb566ad926e3b18eb6,115,904.8,1
5a8e30b97c66494c399c5c17ba6ba940,191,409.61,1
5b7f75e63b3845cc1e306d5f667d69b7,91,461.8,1
5baf161a86ace9dd4f26c0183b4c99b5,70,192.32,1
5c9d09439a7815d2c59d2242d90b296c,32,1200.0,1
5cf5337c93e16510bfc0a4c3f0e7d162,107,111.33,1
5d1caf9872c76c10e211e5b25d061ab1,26,674.92,1
5d44399566af5c2d0a047663518179fb,99,224.14,1
5d4ae5d223a0e0651cf67856cf17cd06,126,72.75,1
5dab4b965caa157b2a14f3a7cc5324a3,14,83.56,1
5db54e170f4a30fc27d4d23e5f482e8d,99,186.74,1
5de2b0c34e38970be54f630328573ffd,13,133.11,1
5ece0dfd49edb29d024f2710c8526c03,22,151.05,1
5ed20df302ec69a4b9e25c4fa2d2d54e,8,247.84,1
5edb0664a3b86763a254e4ebde592f21,81,653.21,1
5eed10cc8c372ca465dd35f531fd0338,86,168.92,1
5f1f934f0527b0822763ecfc7a918ca7,14,60.87,1
5f2cfa9c8c34ab5d785fbf253c63b930,81,220.03,1
5f6afb0591f38a26989947e3617c9f91,145,102.44,1
5f939670e359f53676cdbdee12e5e2dd,6,62.91,1
5fb55a301ddbdc32411e1e40adaace7e,9,52.75,1
5fb5fbe39b9e4109881ace8ec13c3e6a,116,37.38,1
5fd575147a58aaf9a1913193e2fb10bb,40,56.59,1
5ffbac5f715d934689592f398af9130a,131,876.98,1
6003a3a8e782dcca760533542aecd5b2,49,22.34,1
6046d842a9b5a6de033a21980a114490,74,33.23,1
60c23b4f05e926f24472f5ae2ec6b89c,17,198.7,1
60f940bfe3cbbe38b1f7fe69d303e768,6,141.78,1
61465bf7dcc3dc596693c6ae259c171c,83,33.19,1
6166d475cc68bdeb964bee918448f0d4,27,136.98,1
622bb7ceaf6b6d07de6e06a1ef84924c,127,177.82,1
6276e8b570661459322c7d568067adb2,36,108.29,1
62a91310a7666cefb5f7275f731338db,98,125.27,1
62c278822580d321ae9a7853e184eb5f,116,617.59,1
62dee8b517273bba680eb604ffbb7726,105,316.4,1
62ff903909cb86e2b07156a6d7cc48da,41,276.34,1
632fb46531120e455250be499e52ae03,102,117.96,1
6349bac6983ada14372447933f33f8d4,132,209.0,1
6357aded91db310a3e6e6737d7ea169f,117,44.25,1
636e15840ab051faa13d3f781b6e4233,31,37.83,1
63f8ee2920f8fc95277d251b1f0783a1,255,42.78,1
6457e3fd7f768aef7be536207c963d9f,110,50.0,1
6458e6b2bd04e77c2beab6b813baacec,73,20.89,1
647f7b98a4084aa9683a4c475e893689,43,74.83,1
656feadbac2d82190053bb9047e70f11,63,135.04,1
6585b54dd5ac7f69a3ea0b4c6d6ed130,80,328.14,1
6588dbadeec34a7c4372ab86dc7dec94,24,263.51,1
65c63c2b1782cb7ad6d56e8d5e3192ad,63,81.34,1
668ff606a358230c1204757616500c95,63,50.24,1
66f800bfc254bf9cec8041dd1896fcb7,109,89.61,1
67370418294c2fd0ab4119292bc816d9,23,158.38,1
673c306944b76773b1ec7b6714ea754d,112,479.66,1
67a0a75c349534ca26728cbb0864a8f0,15,270.26,1
67a2903f301a0840437ec01ee0e52d92,22,139.88,1
67d45ce5e10120b7d7e223195460caac,105,309.12,1
67ddd0891499d2826566d7efc66b02d1,69,77.07,1
67ec955996d7971b82e80aea6029aead,62,0.56,1
67fa506d20ee22b03dadaa961aead8ca,75,127.0,1
683d4350de84ced70a81bfb3cbd124a5,152,228.01,1
68ac50b4985070c79a1bf8153c381918,7,170.14,1
68f87541277bb5a1656f70f30bfeacd5,15,150.98,1
6a57b4cb07a55977a176d4a30a882082,80,506.97,1
6a7c981e814eb0d050b3293ab8f41af8,61,42.29,1
6a96055b35d60d2c4862552eaaa7dbb9,15,44.66,1
6af371c39fedbcdd00ce27dd1d7b87df,24,150.09,1
6b1bbbe60de76836af0b66f5cc3d4a76,100,61.98,1
6b4698a7406abadac8afabf5f8b1a87c,140,5.23,1
6bef7aeee709b60763e7cf850e90db76,113,172.09,1
6c0a32063bce9f24338b38d689988b98,136,1024.4,1
6c7aa7f4eee619102606e20914da066a,85,198.11,1
6cf478902f8f587b6516e41059da1c2c,71,227.75,1
6d27dd415d86fc2145690d2d729dc518,36,89.58,1
6d34b68801655b93a27ef40982f28374,107,209.78,1
6d7c040dec6d2f6da6a63929bdec436d,66,2158.57,1
6dd9ebe0e071f399326ed3c8ff74316a,66,47.0,1
6e353700bc7bcdf6ebc15d6de16d7002,0,61.29,1
6e48d6ed38d6d0769ba557106d3a6fbe,76,402.68,2
6e49bb1c98e6dc8e904a19cca2a4b17d,97,119.0,1
6ec610172716519f13781b3068dde24b,40,123.74,1
6f0af127aca1f39fab251bc67297a741,124,21.04,1
6f19e60a4a9f73d51b95752599f1d0cb,43,52.44,1
6f58e369991106fe684c3c4364508a94,27,78.73,1
6f674b7499f63f1fccdb6a1e75bd3de1,8,57.97,1
6f75bbc662ec115296ef7e5efa04cc21,12,82.23,1
6f7ed8a8514d8791f26e4b919cd28d4d,28,170.98,1
6fafe51f43d9aff93174e020cd452f66,100,95.34,1
6ff1ce1223fc24d2a1e47c4f93c3ebfc,130,30.15,1
702642d82c455d0a5b156b8fc92f8f38,56,40.96,1
7030ef488b9f80599046408a5de28cca,16,266.28,1
704ba5716f38ab188cc867722addfccc,53,193.84,1
704ece8ed0f1ba814027c5f615478165,98,110.46,1
708761cac9260fe06a7ac1e921379700,141,263.45,1
70a8c394877add5aef4577770c71acf2,86,1.12,1
70d83f497931b7383fc1cf7de20675ff,50,33.06,1
712b52e705d92710be1e8fd8f1400c86,119,99.7,1
712d8c838062bc45d0567f4ea808866c,103,205.24,1
714f2635d40b3e5d19a2fac7552846f3,33,259.36,1
71504c02cd37b29d6d85f9dc90a6bd55,20,83.79,1
7181fcde3f0ce4dc47a9d1c64ed15b3b,81,158.51,1
7198ed558f9d18a996669a02d20fa9d8,30,93.19,1
719f6e6129a784bbc01b1267fe488547,25,648.77,1
71f089d61cea57c60865409a6adefec0,91,123.84,1
71fd52295abb1b8c1cd4da93dce20bb8,101,73.4,1
723b22c2412b366d01cdc84ee4295fc2,6,176.34,1
7244b55258afdc41c5edef0ca8d64193,68,248.74,1
7252087afadee8ebf31ac2706da68084,28,122.55,1
726e584ace79aba2cbe1b1fb84ac40db,15,179.66,1
7282e7e28bca4c8d52bee1bef2b4dcd4,135,576.51,1
733209067ba60698392d0d7c43523a7f,111,58.13,1
7334efdf6ae2ad70391ed83ac5739170,101,315.45,1
73553d9ab66e14cbc9912ac44f14efb5,53,170.97,1
73969b20fe25029e7ffabb98d15fd650,62,188.28,1
73af52d65a69354b66b26499445017d5,79,60.15,1
73ee8ac995e6714d70adec2abb1c6459,101,36.64,2
7401ed45e582a7fd27be540df8287ece,25,93.28,1
74245fe8288c7bdcbcd4644b2edf5beb,11,55.47,1
74b865cc72a895105db6ca881627a6d2,83,90.77,1
74f6b68ef147f4ed4c8abde5f5960481,44,236.7,1
7516a5549a2ed8cd17c45e49e82544a9,119,204.96,1
754132cb2b8ef289dba4b60de444ff96,87,158.58,1
75601f6db2d74a6760995934349dd9b3,126,319.88,1
756a1d801af3396def85b8df54207f6b,11,34.23,1
756f09dbf94f877b9acce94031f05714,121,144.56,1
75913254f909c2b5c2a0bd9713c483e4,12,57.51,1
75af5d2401d824fca5859ae2098a378f,125,46.15,1
760e2f7a591535e202953fe18688b31f,127,96.12,1
7619612ca0b995c7925a0272c4e33a91,36,64.35,1
762bf1c1701f2aa392bc47c82ef8ba2c,154,917.73,1
765e479faa5efcbc58b804c84c62cb71,42,252.38,1
766937eae4ef200d016b8717d52392fe,139,231.95,1
768b1212aff7e8d5f3cdde251b172390,26,119.53,1
76e17b3467f6f930eaa9a1ce94ecf27a,105,116.9,1
773b672fa164724437f6e8b82b6e0f06,54,218.23,1
7759c30a7e23c7cb3aa0c2592818b1d0,109,192.26,1
77725f1458a3c3efcbfa208fd02da9cc,49,220.3,1
77ea0ef7f3bcb00b7066ebfe8bca2487,112,139.8,1
7827353a0f6bfe72cd81adc0dc2f8a97,118,161.45,1
783f0cf708012c4c712921de5c773f10,19,54.58,1
78b62d86956ff92fb90758963d061c6b,72,94.62,1
78b9600a08c5e140638ea940dc41cf84,88,71.85,1
78f9a490b37c9cd175cd731e24e9b598,61,1224.03,1
78ff784a06d3925ede271f892dd08547,8,37.6,1
794b7a5f4b3ce4dcb5ad02975a234353,19,69.33,1
7976fcdfd283f91c4823592a96853e0d,10,166.16,1
79a80f2e0e8e96f8e5be6d0cf1c49de8,73,371.91,1
79e3ba6298327f701c453dedbd155600,25,181.14,1
79f601e6be21ecaa934e0ea0897323de,120,170.61,1
7a091f9ed8eb69891c389f7fe03f19ae,104,250.89,1
7a1cc938efd5640156e90dd7970b33a1,129,59.78,1
7a24f850592485f402c7038ca51efe3b,2,52.76,1
7a4cb15a23deeec4682b3661b0fce930,66,279.52,1
7a4f8eaebcf61c55ecc1812c83311787,102,344.23,1
7a58ad4933a353bfe3152b324b6af16b,141,1816.11,1
7a84164f936f2435540fbbb12b241930,79,94.18,1
7a9ba3048545535bc0c1d412fa47f829,17,873.96,2
7af59ba24405ec1365f4500d9e8538ed,118,99.9,1
7b1d2286eac4c621d4c25dc9347c6dbe,22,340.28,1
7b96dee726547b301a45154e0eacde00,50,144.12,1
7bb71c78bfdc5d8a82c1b6866956daf7,17,36.3,1
7bbaaf1c03c9d5a7d17c6b0ddd7374b5,61,103.2,1
7bcb3207fc35ea99f2c4c2be2d9b8e00,27,134.08,1
7bea1627c3e438f1cf401aa2c53fea2d,97,97.98,1
7c42a4df52043a235ab15ea2f97c449b,108,168.19,1
7c629fbcb45f2b7dddac145b8de1ef9e,77,355.03,1
7c6f26d1942cbc6f1d17d56e13285e7b,16,337.33,1
7cfa3cb5ae1ae9ae5ffcc1904141b47e,53,144.96,1
7d1f510b59f54644ca1277a2d87473bb,79,158.71,1
7d256faf9786f86ad032ffdc9554ea2d,126,2904.2,4
7d321bd4e8ba1caf74c4c1aabd9ae524,139,971.88,2
7d5bfe0ecf07750475619272cdd9b6d4,99,184.89,1
7ec72d9b883d87aef5ee43beb65deb06,61,173.32,1
7f459c77e3b1f10548d4b553bddf3f6d,4,217.26,1
7f4ca5e104cea64afdf3d68d84d4b520,86,130.66,1
7fce02f8a58a49cf0daa5ea11fcefb28,47,345.92,1
804b12a87e551f74f8d1f0c310eeb15b,123,91.56,1
806be13e55f43711b59f751f9ee83022,75,95.65,1
808edf32ba781b5b1c5875a56cfe402b,117,162.11,1
809fece180865f33e734926b15164398,50,88.67,1
80d1b0a1bf64b3976917a886a2dd62dd,13,492.92,1
8100eea287c70641a7af75e848cae7a6,40,60.1,1
8124800ff4040590e23ea89b8c4440fd,17,56.99,1
8168b5079d6ea023893d64ff63f7c4c7,69,28.3,1
81ee76008781c1b3a72263621e06d5da,15,177.52,1
820a174cb0897977268e5a8400aa7d53,119,114.23,1
8216dbb58369d7e43239401a4a9e4f0b,8,209.52,1
821997e264d6487e3ca1bf6df9983a68,122,68.22,1
82e75091956ca96dc8d1325295733386,29,128.24,1
83228cdd70a30e7432678e7ad9312946,117,56.39,1
83451bf0ec7e33f664ffb1f106b59772,106,50.71,1
835f0839de5bb6a2928f7343a9293245,80,48.13,1
83829af919c82f52ae2a979182c900db,126,80.74,1
83b30ad928204e529d9df916d8e5539b,122,325.62,1
83fc79bfef5a8fb84c5d77f3748e0064,90,103.42,1
84353738a84112675537c08797692415,116,199.0,1
8463eb1c27b6661566237aec63c3ede9,13,134.14,1
84f30d2805ae1bddbe5deefc84c80cd0,86,50.44,1
8517e7c86998bf39a540087da6f115d9,27,78.5,1
8527ac0dd27e2b15fba89b752116d0a4,119,138.74,1
853578575eb2c89677c4d76bde945b5b,61,68.35,1
854d301fa7b72c81edc9f4109bda89cc,23,25.67,1
8560b967cdb6597a5f8e81a89d9195cf,117,99.9,1
859f28742567ec1ff37448113ce81a6a,136,128.65,1
85c91511ec9c1b687e1c41fddf3ed4c9,26,70.27,1
85cd3b35a471fb958a08b4b08fbd1617,70,46.92,1
8606b2a0ee4bf45d1f8e558fa083dfef,108,110.44,1
8610df3f298a416963e7a02438d11e61,131,550.17,1
86242b64468c9c6370a38afab37a986a,26,63.89,1
86497456d79e8e74422e89ecfd8d4069,110,158.7,1
866110a8d7321eadb2a20e6ef51c18d1,118,107.88,1
86cc0af6acddf198ff26add9318add1d,66,24.17,1
8726bf451df0da9d2feb4ee8665b15c5,134,22.29,1
873dfc3de3c07eb7b9d6430e07e7d154,34,216.02,1
87b562396562e68f82047746fe64b167,141,160.55,1
87d4558ba089b9de00cd95e95f1d3c1b,123,25.0,1
87fa2df087845b8953a52f114686488b,56,70.27,1
884909e6ce4397ea2d53b086601162cf,17,187.83,1
8855792eace8b4d11cfff9585e2448eb,45,223.19,1
88589a4b7082d5090f4816f21f07a2b8,122,25.87,1
892ebc9490105dedf7e4b7e8283c67cc,14,65.35,1
893ab218533ae69e11ea359251e3f2b9,117,295.56,1
894202b8ef01f4719a4691e79dd24c17,90,472.72,1
89d28a697e06293780823541368c0025,18,420.29,1
89e4a2b4ea9a68c1fae1411107ed0bfa,79,35.38,1
8a2384d1b9ee16f3fc7114fc0c293451,43,197.45,1
8a717a19b689087bd31b9b2241003871,87,695.04,2
8a79aaef381ca7a2537b49081a0d8122,137,372.14,1
8ad17d877d2373c52b855c0eed7295bd,100,35.77,1
8aec5021898b1bd97420ae1782ce30c6,71,99.65,1
8b248b11dba02be9728a5a80ab3f4081,78,158.59,1
8b3d9d2414670d8f3a44fe4dfdf635df,101,144.58,1
8baeca32aac79a831b81f1f8af9fd6d8,13,59.87,1
8bceb21c15bad608c6606d297ee46d8c,70,649.86,1
8beaa2764a9880bd5dd4872d4c49c9dc,70,40.27,1
8c026df875ce27008c74eb034ce7020d,59,579.22,1
8c13b0382b29fe9c46551ddc325a857a,69,37.03,1
8c1c0c6b377c877fa3f5323aa147029f,46,174.26,1
8c40d1a7ac21ddf12b0f2c82c6857769,16,61.3,1
8c83d3f25416f79406586ed2755d7b4d,16,54.37,1
8cba14bb8ebdaefa1aa8563ace8ecd69,42,75.5,1
8ccafc03ea8240cdbb0e0ad195be5411,93,144.78,1
8cd7393d7826172d4f6f6e4f433defc6,105,78.87,1
8d08191922d74867056720732d38fdf6,114,197.28,2
8d0a81505e8e6b660cdb18c8b4c6c2a4,18,206.51,1
8d465d71610b10c8ed13a96a5d9a3812,58,72.98,1
8d4de376aaa31c5bb9a6c342708def1f,23,191.28,1
8d8e4f7961914580fefe9e4ccb4df76f,26,159.88,1
8da78168c72d3a2c914f509a58b85c31,61,188.31,1
8de735c5b8fcb11696c84002643f902a,112,85.48,1
8e07f247d16ccfb1bf53c4bd7461390f,103,86.89,1
8e3d0b8d1eadcbfdfcce1672e70c3ca8,37,455.83,1
8ec3ff8925a8d3bf030c8d2406c913e6,28,256.59,1
8f0d2d201106ce6885ab7b72beb9073e,113,299.7,1
8f11960c5362b638c98994092e0a45d2,57,52.43,1
8f41cca39f1d5a5cbed373e947d79e55,114,163.89,1
8fb0d3b9306bc2fade01ee327e0e3cb8,131,25.6,1
8fbbbfec010bde32cd194f99deed1d71,45,498.28,1
8fceafecb6f78c92c97dde2f6d1cac63,117,49.22,1
8fe59b3b2e5dead9e2d37708a0ee20c9,133,158.96,1
8feec2433a70d8889d09ad0326e64d6e,20,237.46,1
901fa7395cd19913092d88c3d263b157,25,171.4,1
902dbd012843fe49743fce302a7765fe,124,107.85,1
903544156dc24c5aa969e4896aaef5b8,88,1221.36,2
90b029e906f07221faaa229502f58f17,12,278.0,1
90c3213a1c1f5d4ee3f8e9c37678ba64,14,68.16,1
90df085f8a512665dce9ae9e923b0b83,97,43.22,1
913cbaee66a2777c7f7546c626ab7bd8,69,119.46,1
9146a82ef0aef149115d9365555b4343,42,203.3,1
915c5c52a3d9ba34bede37def2979079,60,37.43,1
919898139ad85605b36f05302f908a95,78,407.8,1
91aee4d0ee42a532d122d9aa9255230e,43,317.07,1
925ddf3482c150d9e469c4b47d52e1c2,98,458.34,1
926cdee969671f2f6453b01ad04c5067,88,31.21,1
92d80c533a45c936e5ba04440a73d99d,38,302.38,1
92fb3369b344010fed8679f47e99f9df,118,209.34,1
932289aae7b7195bc53d4c640ea071f4,52,594.04,2
93afa2593efd4f09f64c0b0394f6621e,69,61.2,1
9431058c0d24bf917751473cca9b9054,97,101.34,1
94595ccee21b11325952776b516a0345,92,421.39,1
9463b5b75f8762cb7253d4c117bd2194,107,0.15,1
94779b9caa445191a00444b6d61f257b,100,130.84,1
948c9d4bdc59614d3b428b93ccf84d25,82,170.98,1
94b0aab2e79d1fba20520b2cef320dc5,90,137.31,1
94b1e925c0b906a75bd2464a24243db3,80,111.6,1
94dd8366ec790734b50b0d346e5a1cb6,134,1653.6,2
94f61d2e240f16c9307c8d769c409445,42,254.58,1
95556cea2fc7ddfac08863e6294f60f6,116,427.02,1
956346db615f7adb9ea991c5e4648c55,72,644.45,1
95702279f83f435c44baffc96007cfea,93,244.26,1
9573415dd691e34a2b92c9e39558ef22,27,30.16,1
957f3479d00c3d8aaa4ccb50b22e5ac3,103,123.39,1
95a9c31d31d9b5e98eed870eb5c4fde1,111,71.85,1
95b61375b8db1edef592263d82896801,20,173.67,1
95e9feda7fe9e2321918c785a1557279,68,21.79,1
95ebcc4d6979728b4d9993a0c9b6abfb,42,201.16,1
9608360c7bbb4f54ed8f146749f434b4,108,188.27,1
96102e6a12a4cc071c0f51102e8feb5e,41,34.13,1
96730a0e560b264051f2647442c048bf,76,226.95,1
967a3618f5b308110ab6eee2c31a0187,7,55.6,1
96b4bb6bce80210c56debbb88e44f8df,29,130.47,1
970922c6488462df7d8b02576a219263,14,111.35,1
97145de82c0f89ea30b3ca169795459f,72,39.64,1
97380627e3eb0d89d2c83986435eaa1c,26,224.1,1
97966ccb9ebeb90699f50c21714848e0,21,100.26,1
981dc5e9b0855c9d17f0819bb3c4f27e,117,133.1,1
9890729ffc125b12b99d8bb4814b1ce0,87,68.75,1
99037edd76af0e57ca1dd862cd7995a1,117,251.94,1
990b1c66b713835e721b5895ce2ec43f,109,431.58,1
991158e376be091fdccc2d9ffe663968,9,40.28,1
991a3891199a240b585e2d194403b768,5,320.76,1
9937a5e470c80919fea6199a76d8bc8f,67,23.41,1
99dbdde50aa099bb65865d1d444bea15,78,116.33,1
9a480b9c9decf04f8d95b4da30cc6141,140,51.15,1
9ada2abc4fe3927b36a8eaf290b73d12,34,141.12,1
9ae4bf2bb990fa503baa7e1feaf6f60e,105,1132.18,2
9aeb7b13ba80d97f91dcdf20048fa5a0,125,43.37,1
9b29ffc82f368ca303abd6cafcdf0096,76,157.2,1
9b36a43eca86ec3b4e78f95ae56e8fb5,68,109.97,1
9b4f2198d678fac1f1eff05da5061c44,35,69.54,1
9b67d5c0e09cc76c9549477996b49891,55,48.72,1
9b81324d4d7308a459ae94e43ff27692,21,229.74,1
9b9ef0b86d210aa78290882b2cbdcea3,133,91.82,1
9ba3b410b27f27958b0bdf1dd43f8d51,12,115.51,1
9bd92695f99895ea3782608dea8cbda7,80,544.41,1
9bed2d43411502075eefa923e6ed73d1,146,94.39,1
9c3644078ac04eb62d98d3c2f6e51206,17,111.56,1
9cbdae47393a16c7bb010ecb7e5b282f,69,67.44,1
9d4aac880ba02ccefc6f724c85f89bee,8,318.43,1
9d50e47ff447954c63bef2a5a68fb350,108,100.8,1
9db0a6065f7c15895b9a2705b6dbc77d,45,98.42,1
9dd86fef44195e98360aad111552c390,114,131.45,1
9e1c22714e8a39cdbba6c16ef221e6e2,84,52.78,1
9e67b70448804fa0543cab844e3f3f45,42,118.35,1
9e777a0285e680303f875f4b9d8370ce,124,123.67,1
9eb3d566e87289dcb0acf28e1407c839,81,244.02,1
9ec29e8efb334fe1167d47ad3f355071,119,243.78,1
9ed1e0bd6d8169b1c6f499255e6c7b31,84,310.11,1
9ee07155110b11036bb4ef6350157ed3,68,181.13,1
9eeb9bad5f4f3f5644ff026e461108a5,82,99.43,1
9f2006fed361ad5ab1caaf4dbd5e34e4,56,141.56,1
9f629b86cfcb063c2d2d714c7dc9f376,22,109.35,1
9f775687e1b0ce412df4e527ef81ef5f,129,37.94,1
9fcb83032e28a4d71c3200004c46f62c,102,193.37,1
9ffc74be666b9f5ec60c026a54e06525,132,48.22,1
a07e4cfe748353daf4ae34b4b3c609b4,28,76.12,1
a099ef58556b050a3aee59af3ad33764,112,97.13,1
a09bc5e0bf00f02162fc11c5ba76ae72,116,51.06,1
a0b5cdd54fb202fb47805688f4577c8f,61,47.53,1
a1204b75abcdb9adc1a6017e570438e4,60,94.87,1
a125a54036b56ceb4c73638eda0f18aa,40,147.59,1
a1aeaf6f487aa3a4e8bd67fcd86511c5,111,471.84,2
a1beb47c601965fd113716b0947ab37c,12,87.28,1
a24e6f72471e9dbafcb292bc318f4859,114,96.12,1
a2680ee078aeef301cfc25f7585b157a,72,194.12,1
a2c1225e98e3aad59328023a46846df4,107,158.92,1
a2ccd62b2a11e7a7f39b70735e493ab5,72,355.58,1
a302033b7db39c0d3521b729a3a64522,106,3072.6000000000004,3
a3b126a3b563ea3548afd53d78b7807b,131,46.13,1
a3b199ba74dec6e95ad94d210e90ac17,103,143.46,1
a3b90c80f2af4c97aecddac0729fa737,82,128.35,1
a3d5aec988dc5a87e55667afa07191f8,124,70.53,1
a3d953660a42cb0bfa714a2b62611983,69,119.06,1
a3f57ef05079a04651bd421fa6e4d919,114,78.3,1
a3fffde028a099d424723d6be9963459,126,53.71,1
a441c76bdc95aee0610d80ad242f00cc,7,126.09,1
a45750bf0ce58c15f1b74401be36bc41,118,159.03,1
a5190090f24b9cc8b822529eecd264e3,20,25.78,1
a539b9d6f9045415d847df7fd525d2bd,79,163.98,1
a5501dd3eaffc14bb37c90c70a2099af,113,1115.45,1
a555a5df7cab99101ffe4ee4e349519c,82,198.93,1
a577a139c2344a82239c539b29d9e66f,39,167.86,1
a5782932b3b7605bfd659aaca5a0c728,21,67.24,1
a5bd160705f76c0aded4f96d0723b720,20,262.59,1
a5dc43bd2a1dfae692b0597e2446fe29,37,69.6,1
a614e89ebef5e6e90fc819d4d4064bc3,106,109.69,1
a644339bf7abd0f72f6de816e4a2f80a,113,103.65,1
a66b6159d86d6545fc29ecfda546b4d7,100,60.94,1
a6bfec497813e0d8c0887d20706671c7,134,137.27,1
a6f2c1401d1b5fefa1dc617f02cb4a90,78,49.55,1
a722db6f9a0dc652f3f8b70165707a8c,119,125.84,1
a723d4abae1ddc39e9e25ab9526d8f49,69,422.56,1
a736734cb89d5f365d332246ce185a10,98,365.71,1
a784288cae94e14997ba26f7e39435f5,119,187.5,1
a7970e9bcf747a903cb55978d562af76,6,164.28,1
a7ab0106cecc1a6a3a73465346876ea0,82,419.92,1
a7b181108ad1e930bc3e161c9b60e9b7,21,153.31,1
a7ed5e3d82385c7fdd671d1f3fa5163e,104,51.13,1
a81b90805fc8248239eee9ed0a2aeea7,22,22.29,1
a81f98f9ecc7838dd8e9853eee3be318,91,302.27,1
a83c38b88992df4389575e3cb17e7df5,124,63.79,1
a84e3e2982cc260a829dcf2a30908936,93,497.07,1
a884bd002c145c1aa0b57429e7ebbf2b,64,38.09,1
a8e0a1db9067553bedd48e45e9d20320,80,511.02,1
a8fb55ecb0e1dd90ecb6aa4811bcfa95,10,41.04,1
a925b24d158b3313f54502e1c01806f7,62,87.62,1
a92dc6eff829713a8baf8aaac87cc7e1,128,35.22,1
a96c3e3b619af8097f2664ff6af50487,125,68.13,1
a992e6c27f495b4f069589d84ef4959f,63,94.77,1
a9b440dd10180f222e61cb9016eec6c4,12,213.72,1
aa08821031a17f120fe2b34bdc6bcf14,124,208.48,1
aa1dc043644fb51e654c0fbb6edb66cc,112,59.38,1
aa38324da86e7b1035b4e924c960dfa5,46,69.62,1
aa680a3db54307a03f5ec70888d99ec1,74,22.28,1
aa9d79a05d874fe96ece63ecf1ec008a,132,107.8,1
aac65970c34b7e2d82149deb7c06d5a9,29,50.7,1
aad247815d757e959d4a0d5e0dabefb3,91,43.66,1
aaf87fdb0cbdf2a3040221661525a54c,135,138.72,1
ab1a448195bfd64f02c4114a20292032,116,514.41,1
ab35d7de3a6afe9a048803c7cb0ea90c,21,112.74,1
ab6c37442d76cc4a7f3da53183720e43,113,152.58,1
ab8f2b129e54dcdcd7b472dfd41f4712,115,277.02,1
ab93c4cff5dca2721ac4bfef3489d30c,84,134.2,1
abbbbf3b358a480884af84bee14b9102,129,112.68,1
abcd1cb598dce7c73f3d819b7dfedbef,59,99.8,1
ac4e419fca1484d20975bf38ea7b76da,112,123.88,1
ac81fb6a1f089d191d0a0337ea2bfad0,72,111.71,1
ac8d05674efe12528f6d96c507aac3bc,110,98.04,1
acac8132a5468cf70dd49fefca51bd85,116,93.61,1
acd575d7382968889f41a5a3f37510dd,141,175.1,1
acfcdc1935acea5eecac434820116ce3,114,98.55,1
ad145ce80d256cb7234084bd8c76a335,95,347.52,2
ad1d816777885a62a3a72320d21861a2,67,29.79,1
ad7597affbd78584634d4d196f99843c,28,31.93,1
ad82dd3414b1b3d24c02d7d1dde78004,65,115.46,1
ae07d43e3347a1b8a2121ffa669b931a,19,215.57,1
ae1302fc2de112a6604e11ce53709471,109,37.74,1
ae4ce56d6cf0cc20acdec883eb6d62ea,109,107.68,1
ae97ff778d5b40f6848124bdfed21ae8,121,54.43,1
aecfc323849a062b7c83f471971f0f20,46,123.81,1
aed5986d52a71d75a13516849ed56c2e,19,8.52,1
aede7cf4fe90e191b431d682aab7b863,29,58.41,1
aeeac6d2ad88b9a1c516327ffcf28da4,114,126.78,1
af07167f572cbc51105852f8cd94b89a,131,82.72,1
af1a503c70a6dfc6994876b5128e78f8,113,53.18,1
af31707164ec1f5c09c2bb2749f4f36d,40,139.87,1
af77c15e387b2998d9996fe47766c562,118,142.54,1
afeececd4c3a402d37337d7f8b73ba12,111,105.51,1
afef0047e43944e8c6630ec0d0f7de2e,30,495.4,2
b0137ec99bcb19af3cfb85f75374e429,133,152.79,1
b0ec3894ce1e2d319363928f8b4649a4,61,108.7,1
b115c24fb8b1b4924ab8292b64b82405,129,146.38,1
b1a61930f7a035bc34f86f22eebed4ae,105,173.29,1
b1ce93bb7fef49deb9c3ba4ad28ba1a7,74,48.85,1
b210593a5576b40aee78f5dee31f5bf4,56,35.84,1
b22b06c2482bbf14c1c20f69e28a8a62,28,36.45,1
b2307f8cc75c461b1187c98a5d91ed2a,38,199.4,1
b27e2d6264dc721865c05b33d655c34b,25,52.58,1
b2a18c78c1d96ebdaaaf51731c0c45c9,134,128.65,1
b2b389bd4487e2acf145679f7a957876,20,186.0,1
b2b4b933278bb7bd48317cb3e45a77bd,104,32.72,1
b2ccf1076d543d3af4d19d19ed4eeb46,129,100.0,1
b2e28a076bc94c06918d88116a0050f6,97,71.78,1
b3011b12b04e3e8423157ca40dba4e1f,112,199.8,1
b365c8052f1cb95b4abac396e5022ad0,71,67.02,1
b3aa19f75c5aaef3e8d56ec06ec8b4f4,30,68.71,2
b3e4e7be7d2042271ac4022ab2b88db0,16,119.19,1
b4431c0d23dfe71e608a3e723ad5c1a0,113,458.38,1
b4805fe9c617cfaa509d98d2c365495c,5,371.42,1
b4822e42a92e0d848ea0a71ff7e0b379,64,873.86,1
b482b6eb1e1daa52fc0b17faea2cfb4d,228,420.13,1
b491f58182bbd021637faee3a0de9050,77,236.34,1
b49786f49847d2fecf5ba2d455321642,138,627.34,2
b4eb4ca3fef464f5a8778c47da055604,32,26.26,1
b57504f62d129f5eefa6fe4a035e0e0b,81,163.47,1
b5983676b44fc48efb58264d12ffce30,127,173.9,1
b5d20c53eb395d0f9cdaa15aabcb9155,101,54.73,1
b60c8a7001e92a90beaaf17b93347e31,138,391.55,1
b617d81bff5cdb906d76f973194cb785,15,223.42,1
b6b1352555fba05956cb1dda2c0ff3ef,147,47.04,1
b6cdf22de5558fa17709875a7780a4cf,84,41.24,1
b71209f45f0ec8f7db763faf4c9e3812,77,161.92,1
b72d6bbfbc9d7ab8678862a7ab3f92c5,44,172.16,1
b7442c005410200e8e70b2404b79c56f,27,268.66,1
b7d75a382d48af7918464a319d6b5587,124,46.72,1
b7e5bee0c729f6d947ea3b7c6cd7ef0b,40,116.79,1
b7e6aeaa41986f2a6652b734b62dc1e4,69,135.4,2
b7edcefe737a2bc9a92eaf9feb81fb93,20,29.98,1
b7efbfd326e16ce7203d8306af0d0dbd,106,82.09,1
b7f58105406451f1b16a368b61cf1ecb,106,73.27,1
b7fbfcea57659b5d18c20c95db45e908,62,134.55,1
b806d6199ed9ffc4e48974784d3fadb4,105,82.33,1
b87e0079d0d0c17a5ce63aadb9eae6d9,13,449.99,1
b87f977ff3eb88e15e3203b417f51332,27,142.65,1
b8f9f31975e15da84f4e5242ff8a9fbf,114,58.22,1
b8fc812e855c57f9756b7ec1df9238a1,15,134.51,1
b91007c2341381d46400986511527c1f,93,89.17,1
b9633b9cf51f58d7c6facdc197862501,35,75.68,1
b99a530ec783baefa415ed43ed69e390,24,87.38,1
b9cac70fb717faca4acaca1b59ba4e44,14,133.14,1
b9ef1929c0f7c27c2610fdbc2f2b5c40,88,116.67,1
ba1094995391ad2befd8a66830a2a48b,10,79.6,1
ba42ca46af3bb6e79e02b0f3d6db6ca5,113,17.29,1
ba72c004d59d5ff2938572234ded865c,24,802.68,1
bab507860ed7ab1a319b041abc31f37e,102,187.44,1
bad92566fe5c1e2c35651d6e2c7136fc,134,9.1,1
baf4e2432cbc16712f26928d45e69c9c,11,389.12,1
bb3b8ba65c06bcbe68a062e28fa27adf,93,21.16,1
bb43f4e424e0b7d24c5acd2d662bb9a6,9,62.31,1
bb6c535d6cbd82550b97d79c39c5f062,195,41.0,1
bb835a982568100f068d3206b4e52f8a,36,123.75,1
bb96337119e1d2b4ae497d8a71311d26,15,38.19,1
bba03ef582638ab9f9c9b38eb0392daf,83,158.77,1
bbc1a821d00d020c0f1d2034be380b61,107,99.41,1
bbd7307f65bd2faed7cdeb0791a319c7,37,134.71,1
bbe35ecb54adfb96b16d95c719c756c6,134,105.66,1
bc1e1a14cb213374020b2be96ecaa39c,103,146.98,1
bc549205ad91d6f739d807701f180953,17,347.41,1
bca253b7b38bfe69a1c54291927b9bbc,100,26.25,1
bccdacce1d037dc77e75ff20d2851562,28,75.51,1
bd00d85fe38ab7724a32f2608f8e39eb,31,100.0,1
bd5f97a553bbec7fc62b0f7866b62447,33,146.9,1
be10e7b8bc2d78cea9bdc7421f2fd811,107,621.07,1
be458a0bf361768909f847b9bd54c8ab,63,176.96,1
be4bac7250c87be901bcda46aefafde6,27,118.35,1
be78a8397ca3f5cded7a58282e947d14,112,73.81,1
be85a838ba9d5a534df81333b491655f,33,70.89,1
be88b3443951f7d32ba596669e347980,105,80.08,1
be927eee70bf4eeb40e6a9fda9e4e196,99,102.7,1
bee4fda0042266fc0d05b2a3dc7e1955,96,57.7,1
bf01f3a04b580fb95c093bf4af56255e,57,183.86,1
bf190d6af2a721491dd403d53ce2527c,49,223.22,1
bf595ac1199b8f88990ff5389e648b00,120,227.38,1
bf7ccf3f1fb5ff1cc9130f8f2985017e,98,82.33,1
bf90c9739e44dd9e3f1af117ba6ab250,44,91.61,1
bfc617fed8813736c353eb59ab967901,138,54.99,1
bfff9bd5326ab677cf86986235912397,168,867.95,1
c03dfaf5db49d8583edbb5627f92058d,13,3076.13,1
c093e30af6e1fbbe83fd938054ee096a,103,43.28,1
c111db6a4bc630eb729c18347fadedf6,5,150.92,1
c136862b902ffb900a1c63ab433ddefb,136,57.18,1
c179c8690c67b29779474eaaed4e1b0a,113,102.98,1
c1a4df79e345b619ba8e1b99f4a4b8c7,71,134.83,1
c1f58b0f5ff7289cae44c813e981ee84,7,369.22,1
c21ad342c0ece538a14ad12f2fa17fc7,121,289.31,1
c278d9844e8b4f2dfa6edaea27845e8d,84,71.25,1
c28eadd882fe42e52643083b54ad44bf,79,287.96,1
c29945462273179c02e7f3066fab959d,28,194.17,1
c2f5a75a0745dbdfbd79b6b925dc6ad2,42,96.67,1
c41355e54aad18c85073d0c77dbe29fc,140,158.46,1
c42527f634cdcc96d4576f9961815586,127,96.43,1
c450d2558dd77bc0cd8b290f5af4f5fa,6,18.7,1
c4524e479c54f1caa0d8997bbeb7bde8,14,70.63,1
c4882b6422ae0112b71542fdd04b7071,76,165.25,1
c490bef02137db10e5a2d0095bee13bb,114,299.7,1
c4ab9534c84e6ebbc22853ff357ea2ae,67,349.49,1
c4b8258f6561d47376f6b321e3e326e6,84,86.44,1
c4d933ca1293b494c0db1ed8a02b5ad0,98,160.88,2
c4e0a16af80a051c0641f0bd76622c7c,28,119.9,1
c59929869ce404450d73c9a018c3d3a8,87,76.33,1
c600a87c893e7afd5ad653f2340e4e75,134,1006.77,1
c60a729ffd1915e57d9ac6ef86553af9,110,2034.31,1
c60da9892d97a5f2e2f32899955e5700,138,98.72,1
c624328295d90847765ee77db086b58e,33,56.07,1
c658d700b1a119fabf40a73c0e140f7c,51,184.58,1
c66f24e36c6fd9e458f4a0dabdeb47d1,122,297.69,1
c6cf18b71c8f0e99e92df766996aae66,44,168.5,1
c713fee6f70301b6bf60701902502703,1,98.26,1
c7566e4988f02bd02e875d35d4ae4ac2,102,88.47,1
c7d443bf742505394e4431d332fa5744,60,147.04,1
c86f7c54e57bc83cdfcb2406c144f038,65,39.08,1
c8881515a45dd6f97054f6501441e421,14,181.95,1
c8885e58f79687064b6c2ca54626b032,97,54.32,1
c8acfe4d2d880cc2c5f207b389b33aa7,76,448.2,1
c8db401ec63a5cf4fcc9e331cc626c96,31,139.32,1
c8dccace60dc560b29bbe1385a7d1c91,84,41.22,1
c8e6468dc0ef9ffaf13b7d8ff21f694c,33,122.67,1
c93fd28f162566af5c46c0f44110e347,84,242.44,1
c99f831eb20be92ec0497c616a6dcc93,36,149.66,1
c9ce37a6d41d709a2b75e06238b5c93a,23,77.72,1
ca126fd28ab8118c556b3b23b64ef662,59,69.7,1
ca54a515b761ade8c4c0e1bd239d5001,31,145.18,1
ca59e6c4a46547aad67e7e66515d32f7,34,154.9,1
caa242c6b4ad24eb7ff0902b0aa1fd44,8,103.45,1
caf4f7415f1dcefc703eea9c86b42951,19,549.7,1
cb1bb392f55efb6cbffccb31c2af706a,19,240.31,1
cb26bdd25f8d8602f3b90e6a0c291ba0,100,250.53,1
cb8adca2a68ffd5c23a6740bccf56ee7,55,137.87,1
cba01256a91cbf13bd35e735b8a5fdd6,51,313.86,1
cc0375db490f28340c99213435819839,141,818.12,1
cc04d2febd5b4eda43af1972a4130cfd,117,36.78,1
cc1b10d7aa89d1e6b6ed4e336129ac27,47,124.01,1
cc3f0f9c25480b83c834bf8af1435a29,5,142.2,2
ccbe7fd54aa82159f48ade29b2bd4b06,138,351.27,1
cd0b95c681c4974d9b842417f91bd6c3,102,385.0,1
cd1001c4e8046e5652d0554ef9615a25,126,766.89,1
cd66b3292759297a98c21405c06da1ae,10,46.72,1
cea725cb0864776ebbdb3bf427fa2001,43,67.44,1
cebb8a4ff4704077050296f186150b25,126,135.86,1
ced30a21aa4f7c12391d0f86fd9f8858,12,141.47,1
cf29149f8aa3113a1b24783414be5483,99,63.66,1
cf514939041cb2b8724a3e685e2bb43b,9,143.71,1
cf521179de3b4adb73fbcbf7fcb5128c,17,101.01,1
d03195784405b22ba42a0d473ce01c26,131,43.22,1
d06f2fa7aa37463850e08c3310292112,11,35.84,1
d07978b1573df93b66cb82101ef3a549,83,120.44,1
d0c07be82fd929e1f01e1cac905e437d,62,141.78,1
d0c07cdd5cde8cb9b6fb2d7a32060211,117,102.13,1
d127686ff1441587369d5bf73ab50e92,106,213.73,1
d153b079da001f9f47758f5b44040460,46,677.16,2
d1b14fc1c19d8abe7194221cc318f50c,64,53.59,1
d227a2f7a4da44f504e9b7e8e97784e3,18,84.19,1
d2381384b32c3ea2127ff775858a3fea,133,112.9,1
d2a592f7064d3ef0f34bd7a8d95e4458,27,246.44,1
d3742082e769c6467c320bdd7b9d059b,33,58.28,1
d37a69de40751a15e695ac5b4d6d45d9,56,126.16,1
d3fa2b41958a719ae19f1b4daeed98cb,55,1214.65,1
d407879de49d6ec3fd2d9e50b7419ce4,121,85.33,1
d487aa340a91e854f5108e5477f210b9,124,83.23,1
d539b8ac4f0c793900912c46f6442734,100,152.38,1
d53e918649c306473b41cedff2f7f043,62,157.11,1
d5f6259a2f0fa2907ce0d47876f0852f,111,162.85,1
d5f77f66464195a28fc023c711b6cfd1,64,295.4,1
d5fcef627cc1c204baa4449ec165a48d,22,82.35,1
d60805f01a84d8b2d5acae981e3c770f,68,238.56,1
d610f3f7d9676ea7a49e0246047bb7b8,125,163.92,1
d61274989a1013559fec1e4a020eeb0c,64,47.29,1
d62eee7d44db15b7b56c01f70fbb2e4c,61,28.2,1
d6b83ccafd98258fb986afe81823a923,103,182.1,1
d6dc1f2356615d3e02cec3ce83e28783,128,145.34,1
d7035146da2ec73187aa9140b20c7c27,90,74.48,1
d71c6edfaf2850bafce5d8a655d34413,5,107.79,1
d75338bef05f07c317d8285a806ff68e,138,103.32,1
d7730e2701034d28abe61d4316137deb,47,38.14,1
d7aad15e6e3ccca5082ee21b5ad88313,33,143.54,1
d7c4d8b45b0a33ff6df7a3950800d4e8,29,140.67,1
d7f9b99fdd55914fdfeeb0d1992e5a2e,56,137.62,1
d82ced55e620b6568183a611fb3b71d1,11,148.69,1
d867a7f45fa7d5dbf33f736581b9b003,35,37.37,1
d8a819824d42184750f2add6dbe1a5b7,27,46.94,1
d94ceba93d16afa686f9b1c085061a08,45,53.22,1
d9737c9da32a4148edc8dc9dd484614d,61,72.44,1
da04bba71fbf26d94a9b35ed6f009720,26,34.35,1
da134898266eacd500b876754de64a37,125,482.2,2
da4486c297ed3a392e9979cd4c0cdea4,114,199.0,1
da9ef0f242177bd1de0ce7394f41a6f6,73,163.77,1
dab6b8d21ca0042c271d59be395eea8c,69,57.31,1
dabce7e137934de433d062eb02ad15f3,63,157.07,1
dac424b7c982443e0d3b8b901b806e3e,112,121.38,1
dacccfaf7a067af7d60894dc5cf1bbdf,133,128.75,1
dae7b889985b1c0500b588d57bfc71f9,126,399.32,1
dae84c4a5990d4a1f794e7dad8a5a0f9,84,31.1,1
dae9ee97d14a1f5ab75b863226a72df4,100,56.88,1
db09079896ba2bca8288a3a712e043ab,84,62.22,1
db2fca299c5b77095bdf801103a80fee,110,77.86,1
db8e95a7c8bbe135f190cb4866fd2404,49,258.06,1
dc93c2d3500469cda3d96ca2e50f5142,26,34.22,1
dcb065ef99fbfdb1655f384e3cb338e7,61,228.5,1
dcb6353daa3fc0e81395644394405ec6,90,61.79,1
dcfcb361d3bb5ad1f5819299c57832fa,74,37.18,1
dd155e203febe51ad0be9fbdd27ea20e,36,106.89,1
dd3f1762eb601f41c5e289fa08dbc6bf,42,1351.44,1
dd43dd0d642c95dad47beb575bdb3ff9,20,114.9,1
dd4d918501319301699fe6e22694c590,5,64.35,1
dd715553c3f98a39626ca2e3686fe32c,69,44.72,1
dd9a54bea0eff3f69bc420353f20b52b,76,70.49,1
dd9f7612ddf12827e7a641bde0e8d86c,102,127.69,1
dda24c2de57a6023c8634e466d2b041d,116,216.22,1
ddb0847704f64266c5ebe285ce0a79fe,35,132.0,1
dddb02c034b32280ebb8b9f74ca209ed,87,404.22,1
de49c10452c86eb6d0f7f8a9be71d7f3,42,62.99,1
de7910a50205fa700775fae3da0adfd1,105,28.24,1
dea417d7876a6d1cba3ba9cf7195c1ee,39,21.36,1
deeceb9e9fb321beee0073798d75bd91,44,53.54,1
df4377ee7e2f8972b24a39ff87cd3a6a,109,230.14,1
df7ec75663c7db6cc97a8408c0e16e34,50,63.65,1
df8127289fba9af36ada908b0a42b538,9,39.15,1
df92bc4e5ce45359089884512d0d4ece,78,93.65,1
dfdb6cbde08c4bc6b1508213ac4bdaf2,116,87.02,1
e01e9c45a4dc4ef2cbfb266fd92afaab,68,128.72,1
e03c007f725788d7bab57a0f8a5adbb1,157,198.12,1
e09bddc2b1cb1ef0e2e4829e02303212,84,192.15,1
e0c16bf3f9dcc2303aac70772701268e,36,157.1,1
e0f6b25565b4c3222dd8be157fdd62a6,135,81.66,1
e1365d7b227b247b6bc0931771885eaf,121,137.45,1
e14d6fb5ebfedb959887187908dbfb8a,112,80.6,1
e1c2d716039d0df723bcd9e375267b9e,103,92.9,1
e1e09210e58d30df8e147c5a53eeaaf0,131,1415.66,1
e1e157f3dbfc5df809751ed8f7fbfd5a,126,24.2,1
e1eb3c7b3b41539a48dcdd3b4367457e,24,570.71,1
e1ecd9067948f47eb91b3adcf198c878,61,40.27,1
e1fdfa0695ef19dbfa1018d021dec182,80,820.24,1
e21fd6f2baa260c6db9b311cbd213864,18,22.38,1
e27e6c78c40ec4b9d9bf621529c61dff,103,54.38,1
e28bfc9e45a64c306ae48abfb02e573e,17,214.84,1
e2dc5811df11785799b8d6f1cf883f78,30,140.02,1
e2e3404315182f704a25f3e4f4c45109,40,94.04,1
e2f0a1baa756cddbbfdd66856ecd91de,37,138.14,1
e314b1b0829d37e817b515fd2a5e194b,107,328.32,1
e36a3d4d67a762c1e7bee1bf939769e0,135,97.24,1
e3ebc2b191de8d9bc323e94f6f41eaff,11,31.43,1
e43a8c4a2cacc15e45d6a73beb2ee7e8,22,472.8,1
e450a297a7bc6839ceb0cf1a2377fa02,0,73.1,1
e45faa95f70de28f25dcf2ce74f64339,71,643.33,1
e4acbb6c7d6f37e7e3549f41c95562c3,118,96.1,1
e4aed9317758d8d67a37d70936802791,117,207.96,1
e4b1bc5e4ce85c381c60884cca90589c,131,150.98,1
e51521843de8135ca5c2aebd76299469,110,89.41,1
e63417634e8ed5d4a0ac4c2472659e07,50,411.16,1
e6d6b3abceda4762ac1296ee90e45ebd,124,158.58,1
e7203c42cef55542c2c6da43712fad68,27,79.66,1
e72c69e2209bb33f8e2d8ca3e9bb056c,114,69.97,1
e7714a0cb7c1791ef6aecc21c8cff9c1,40,68.44,1
e79dc41727a1e98c2f8f042a432b6ead,41,51.89,2
e7a503a253ff229e218670d750c36c9c,55,291.52,1
e804719d56f31ce57e5b26431b607c18,104,136.67,1
e837cceef191c43656713549271b64f8,89,37.06,1
e898b5ef24833b9cb9e2d4f00b937595,5,434.36,2
e8a45e0dc990d5f668877abe22e2db2e,19,156.7,1
e8ae3c014c3089e4d85ea36f72cacbba,26,59.49,1
e8d469267909af4c76fa317649c3d860,18,491.69,1
e93accb02ef110eda33fbf5b00f76925,28,35.06,1
e9dd877c0c235b753643d392b9a124e1,16,252.36,1
e9f77211e2963936cd6aec45f8a5f195,36,219.48,1
ea05ea055bde9cacc0963b2c5530d07d,77,141.9,1
ea361251491228e4d24754e2d33b30e7,75,74.49,1
ea66b28b66ee0d9ed6cc4fee30a704bc,34,197.96,1
ead1f4689a7d350870a8f1b0e6745428,69,327.87,1
eb010a285da993b0961374f518a3e676,14,71.49,1
eb1992e3905f9f9085b031e36b98e4dc,16,134.65,1
ec0e36562424cb40524a6f9052249aeb,125,319.57,1
ec17a9a3e1a147308f1e70ab736e787b,57,102.44,1
ec33d3fc0f4da0b41f352f62cbaed8dd,77,118.35,1
ec39af6d947e4c0aa1181ff5fd68253f,35,142.57,1
ec5a416ed54fbcac7e20e7b2868785dc,71,34.81,1
ec9e3bc81d6b93d5b6602984f860ffce,25,101.31,1
eca67133f1e8256d6f6894e49ad2a5ab,21,130.4,1
ed9d67265a581b5d39c4bbcf337f6a51,23,135.04,1
edf0da35d967d6dd4846962987b7fa00,121,52.23,1
edfe8350920188f5738ab4ef3af21d62,17,133.15,1
ee64351d93ed36563eea84500a3f558a,116,98.94,1
ee78e2394f33a3bf7e81e1ba6192863e,93,596.95,1
ee84ec15c366e3ff069dfc73b8046069,16,72.08,1
eeb9b95b099466660703b2c2778050e6,91,240.82,1
eef89d688226c1a29e1b83aa1ffb055a,142,94.59,1
eefb1203ea84c235aaa024ab6a3b3b24,11,163.45,1
ef14b2612bcb6c6c79574ab9caee3a97,69,64.86,1
ef5a6ca97d80cfe694da8576c7442cbf,134,226.22,1
ef6160b152a7df62401e31c5d3f548c2,77,21.39,1
efd0675fcbdaf56e198a09ad3829ecf8,92,518.59,1
f021ba337308a66cd38430a17cba2992,85,162.41,1
f092dc5c7219f24ce749882d2e11c43b,100,75.99,1
f0966e2b4cd732ffffaf17f1870e72c5,89,246.49,1
f12766b8ed1d86d0ed6825ef27d3d1ec,43,49.56,1
f18cdb6c4c7b85a238a9ececbe4112e2,11,68.39,1
f18d5b1ad1ce464e75cba9062a5166b5,19,58.98,1
f18def4b8952c0f643f7323f2ece8567,123,526.84,1
f230efaa9c8103935fb5527be9c02a4f,9,60.05,1
f2651b1bffa803600045f295547c983e,41,50.56,1
f26f8f245b07a64311c95a966f184bb8,119,179.09,1
f2994d32f55503a1bc57258f3d9ecdf6,52,264.71,1
f2fb6af2900367aae82564efdf5dc4c5,39,237.43,1
f31164513a99160d91a464ccf934ed3f,106,217.37,1
f393e364052cebfb6932ae3dc2de64b4,65,120.05,1
f3aa1c92c018f313579899999ea7ec40,117,218.96,1
f4a5dde2323736baeba0f5f2f1aa780f,117,79.29,1
f4b0eb8851d99f6697be4118cb4870e9,43,202.41,1
f54984aefe46119362bc6a5cefdd90e0,61,27.37,1
f559081f10290cf844cd5875a8524e18,91,44.23,1
f5721b9d1b28be65390235aaf8576a30,82,89.36,1
f5733fab64544ce8617bf770ac5d8543,94,64.21,1
f5e7020383fc2140c6ecc783105bd4b3,91,108.2,1
f620701a6e9f1096468511e9c2406a67,25,177.24,1
f6a8b9bb1d8bac01fb6b967c3ab340c9,102,134.23,1
f6fae9d4a652ea92e78dbc6956e0c0b8,127,68.31,1
f80c54f63f071a097e15565e9ecd3773,116,140.88,1
f83ba5b7fa884a9b50fd4f6ca4826c42,28,156.39,1
f83e78a46acb1871c42071b5d46f0301,62,101.68,1
f86bd370221012daedc8b046db70d7e9,126,145.5,1
f87712f15c2aa54a6fed9be2010db5e9,22,115.29,1
f87f1ea0db1d9f90a39e6d33b978d7da,120,254.52,1
f8cdae87d67f6656d53daa86edc2f488,58,329.03999999999996,2
f95bb63df8e45c05f3235752a62eb607,32,55.03,1
f95dec2dd92f1caa88e67cc83927b868,98,98.34,1
f974d5a7c970aad387e0b3082c6082e5,131,173.53,1
f97554a1b5b8d167f20a6cdfbeb2bfa2,124,35.14,1
f9b63cae30a80c6d141f817564ca31ff,58,46.16,1
f9f3547648b8c4bce58da9e9ab677fb8,19,146.13,1
fa2a8cc9a1efb325b1d9bf94e57a629e,6,400.2,1
fa816e935aed909bdb3a28e78f04e225,21,158.74,1
faa44d6a18c50d95adfcb8b7fcf075fd,107,203.67,1
fabf206541756ff848d31278960701ac,21,38.94,1
fb2a6ee3f93f4a4d434cca41ba6d919c,71,234.62,1
fb497fa42c45ae32dacccb4c252b6a75,124,177.02,1
fbb26f2f32dc98bef32f0bcbbe89800c,47,46.88,1
fc59aff9c4bae47db46f6f04bbefe306,118,57.38,1
fcaff30609f39ee3b27f1e686b036ff6,132,105.94,1
fcaff47094a7a066b8ea51bac7eb2d88,45,158.07,1
fd3129fbbc0767919a5d42cf03525ec2,32,35.36,1
fd4e6dc2e2ca0393ac80b6a2d6001179,64,132.17,1
fd925126e9d64daa5c4fe1b71eef2301,138,129.56,1
fdbf999a073957ff252e8f4897732299,124,35.75,1
fe466590682b569c87d29ef4dfdbc609,61,73.92,1
fe98b3e2be9373d693b14d788257fca7,127,67.81,1
fea395b0430e0a53e6981c8e13179c48,12,259.15,1
fed0deb0907fca94424965a141873c39,100,168.83,1
fee5ee349aebdbfffcd4957db14cda30,44,519.91,1
ffc1df0bc187796047379f3b99a4f08c,125,35.77,1
ffdf82f47307e5b56f341a499bd268c6,122,175.5,1
