0,1,2
-0.9342950204868462,-1.1914625149379487,-0.04321115913285595
-0.926898605681876,-1.310610457876172,-0.006052868430897145
-0.9207817526098988,-1.442175876067329,0.042529893581480634
-0.9178165856120798,-1.4667810748677417,0.09987526077766802
-0.9154926560559747,-1.2581366970405201,-0.006083240287638622
-0.9146246552205657,-1.3268824558383796,0.04225718565502846
-0.9091840335966868,-1.396439807406584,0.08235816711320734
-0.9079277336775097,-1.3111098567589823,0.016695833649340408
-0.9037296778077537,-1.3035752903168887,0.022985512585692248
-0.9020579768778059,-1.2839095407205987,-0.03462689308181571
-0.9000897343133927,-1.3079773367766934,0.04820959566303092
-0.8987398038941679,-1.1484079197398362,-0.04229401483477831
-0.8937949280669732,-1.0178708347729537,-0.0809213422280907
-0.8916730186544625,-1.193839316736675,-0.018140027553744793
-0.8908281682113623,-1.174301321417556,-0.1854555307831858
-0.8905012541403072,-1.1752896710774532,0.0031044456347608753
-0.8771046837701658,-1.111931362223171,-0.04365042128963788
-0.8717191349989311,-1.2505693550189807,0.009817828944954457
-0.8712193691717047,-1.2041561299427364,0.026561731857743232
-0.8696860703938187,-1.3661218782157767,0.019587917846146226
-0.8649354089713585,-1.3244399686398425,0.07793743827265752
-0.8574198246847639,-1.1991784729134078,0.03606388132377455
-0.8503229578054932,-1.3304149226802147,-0.020120888591964616
-0.8501647471045729,-1.0921498621737096,-0.04254503724726997
-0.8500450729540828,-1.3512139946544068,0.030010344160763303
-0.8473445770586092,-1.039089118600328,-0.046061962019824605
-0.8457396067053334,-1.1524675284518995,-0.09384662430362187
-0.8441049105165391,-0.8795450183602066,-0.08428548333438352
-0.8364687808487735,-1.3437616417286753,0.025039321679469574
-0.8293520812631054,-1.2439113240571114,-0.002627412467005286
-0.8274754489196673,-1.2918578734603474,0.023879392051213904
-0.8243761701077028,-0.9470249158745357,-0.18261829037172359
-0.8243109217309189,-1.1167707166565648,-0.10469009048551509
-0.8242593638623619,-1.2269257707383983,0.08163309481111117
-0.8237573881883729,-1.2131836375795633,-0.0858669095950179
-0.8184066871230526,-0.7865558548052554,-0.14570960437701574
-0.8181173456131728,-1.1162123988579171,-0.13229357510691558
-0.816970962811047,-1.1187111133290786,-0.023428975686895177
-0.8161045526163998,-1.2915769427442347,0.07770148354039802
-0.8155722942203713,-1.0445828864544926,-0.08929207010675537
-0.8153650989864522,-1.3765079288765776,0.14379783122202278
-0.8135647578294638,-0.915227066360709,-0.08948211717393528
-0.8122773736554906,-1.0854114934129924,0.0016508838938716353
-0.8109515152771696,-1.3257981699276662,0.015118361540836896
-0.8055031123449174,-1.0143179943693428,-0.12394926769215979
-0.8040666539195626,-0.9970725805946355,0.012507368776994985
-0.801241325880112,-1.2034172893371713,0.0018396131370540976
-0.8010942069907366,-1.2709574733885436,0.11950665630586559
-0.7978771597093551,-0.9923093513926468,0.005768634370609866
-0.7925087503631228,-1.2572262695613148,0.026710594648412078
-0.7910998655792999,-1.3469918119874384,0.09167697675951937
-0.7896519555311904,-0.9313839636638398,-0.14647017290985925
-0.7867803284201378,-0.9130340443926358,-0.06529240232888978
-0.7867775664048502,-1.3608097240864285,0.15603441690819833
-0.7862049236833841,-1.2205715623350415,0.10901603417168289
-0.7852080193331691,-1.4086118580422964,0.20021619214398143
-0.7850233685440795,-1.290432134792794,0.05895832470925056
-0.7823846624962703,-0.8990482114867383,-0.06939571594796182
-0.7823835173304157,-0.9995518020104878,-0.11195295978329184
-0.7820970206404562,-0.842766254607565,-0.1447888190042943
-0.7816161711474022,-1.1984498508661665,0.09280742902868953
-0.7796887117979464,-1.0661779578827235,0.035852169019008645
-0.7767388890085019,-0.9432361126457468,-0.05499688287807275
-0.7765820275293298,-1.1472973596135072,0.02760427197703608
-0.7759842382054106,-1.2437826496734479,-0.019935577826261527
-0.7755173694622988,-1.219226776742508,0.10658053111579725
-0.7751773528729007,-1.0215262269436975,-0.09289653139282404
-0.7737311701542829,-0.9796564500391723,-0.1939246744229345
-0.7731595423014004,-0.8866502041821833,-0.010969972016813514
-0.7717945667871043,-0.8733674041229307,-0.0645331498523979
-0.771584584398591,-0.9715176663846294,-0.01668903944400024
-0.7702611392548312,-1.3386494431567741,0.09954311533147457
-0.769176778719624,-0.851199251395292,-0.08022971593237373
-0.7674255418587729,-1.0115676548241233,0.03683705443335221
-0.7672463030605977,-0.8659597773912571,-0.21578228243279435
-0.7655018756971734,-1.3927204888420999,0.18904561745142476
-0.7643385282842238,-1.0156374817452818,0.05621574370829682
-0.762889643848148,-0.9848988725231408,0.009703747446046724
-0.7617469621235623,-0.9469244118994986,-0.00045496277270770213
-0.758563268250478,-1.3774732218296837,0.20486796783814848
-0.7561387103230596,-1.0487433058554372,-0.02526819552223879
-0.7547516631465553,-0.773871458759576,-0.07674054738148327
-0.7538287547760399,-1.1641540669586359,-0.032691762559496004
-0.7535127248562221,-0.893498725495888,-0.10106384073767152
-0.7530174614428873,-0.9135872458709996,-0.12357995100228412
-0.7529061744435559,-1.1979263361253425,-0.04787435710756552
-0.752529459719025,-0.8207931957255568,-0.04336810192089473
-0.7510372175608369,-0.9936773625947207,-0.019500694640808433
-0.7492635021991193,-0.7444385703879419,-0.11566358618248167
-0.747206918667365,-0.9720697560915696,0.031119576549797055
-0.7458847125691723,-1.3675404003886285,0.2219045781797278
-0.7456049962032527,-1.2547641413255393,0.06319540530207776
-0.745368175879052,-0.7171470713195842,-0.08556236124023624
-0.7452554320865058,-1.0816622436852892,0.06923635857311614
-0.7434600952090142,-1.3752041782759388,0.13262655471837143
-0.7427524004769948,-0.8770565938042505,-0.15164191210909286
-0.7416585816965897,-0.8200037898601528,-0.24505869260839305
-0.7411520000423745,-0.9387803444013816,-0.06725863479585206
-0.7382045461901058,-1.1288527952176748,-0.05335412922612687
-0.7379342677111475,-0.875642402756443,-0.12469475421572367
-0.7368712094191554,-0.5711281974232927,-0.1477326238805155
-0.736276662573966,-0.8947896609013617,0.0012454384279571523
-0.7353559152283593,-1.4515115363593825,0.18558349787653947
-0.7351064335675768,-0.8731403310213011,-0.017882440608719692
-0.7349201785659972,-0.7256030632913038,-0.09869956180542874
-0.7347871829651155,-1.2517002705111688,0.09105495252743237
-0.7338665897965405,-0.5990689498052749,-0.12858394699487502
-0.733635174814812,-1.3850337360831508,0.07694379547390505
-0.733274512509871,-0.6162409866694339,-0.13172230842805702
-0.7328822015256772,-0.8768509815554903,-0.0858852362278605
-0.7313317157725319,-0.8851145413804313,-0.16583894906643554
-0.7311546373423075,-1.2192624729844708,0.18012469173636103
-0.7300810210261056,-0.9166063387045198,-0.09859997141095238
-0.7284317879861738,-0.5215709270209526,-0.17656015649356194
-0.7281845882739106,-1.0894250366262406,0.05358716774790232
-0.7276511770167168,-1.3718276546270274,0.2188616200601624
-0.727038665780098,-1.069291970841471,0.12246870232145204
-0.72617037295822,-0.8600650809537308,-0.03893476988494096
-0.7254496038382293,-0.6457364518475688,-0.18491282508493795
-0.7252796615256158,-1.1724684514951444,0.1051757081358212
-0.7249716979509331,-1.0340641654195655,0.0834962780831362
-0.7248204020810894,-1.0082507153984899,0.041625977148558035
-0.7244242040218513,-0.9517389103989545,0.01978870265246108
-0.7231038402849728,-1.3839505387877893,0.25138147981203496
-0.722723126514994,-1.399595235035148,0.23449822196302184
-0.7202614392052048,-0.859345675859603,-0.07514845727223642
-0.7196146670590067,-0.5845154146370236,-0.1237812777702502
-0.7195722966699729,-1.2997182447174664,0.12892437387052777
-0.7172422031629919,-1.0682340648360322,0.10305075482244265
-0.7157712084879341,-0.6918511462573101,-0.2474562430430026
-0.7151811297067122,-0.7582197995704919,-0.09228311099360967
-0.7151785880541681,-0.6549116940017384,-0.10700487095565497
-0.7145651523735307,-0.7103501229627043,-0.05305993892139154
-0.7136556819470523,-0.6192129087207395,-0.13171473110020754
-0.7132954858902897,-1.2534597312053883,0.12339290613598065
-0.7126955630629564,-1.3471875688958448,0.22275031029910547
-0.7120776359107402,-0.6698323023628294,-0.07437871039067577
-0.7102812441789489,-1.1522500713223174,0.11772502506287992
-0.7072861032846356,-1.1671733810757658,0.07801429925232516
-0.7051981948644167,-1.1819472343768913,0.05504310215478956
-0.7042066446159002,-0.544676800876638,-0.11632483175437149
-0.7023462842565581,-1.1184526240465045,0.05658808683411795
-0.6956255742051687,-1.3918478242250516,0.26302912754039903
-0.6954735883433675,-0.9599599995112066,-0.00096188447844347
-0.6950867371989838,-0.31803623970269773,-0.24903597550202636
-0.6934707269318207,-0.974219586973856,0.08639166333992815
-0.6926587633486844,-1.1744253029304685,0.05274649645432155
-0.692092788497113,-1.0359013053508326,0.027319433244773445
-0.6914163864810513,-0.9195488095040547,-0.11245774247519211
-0.6894154607326052,-0.9526843758838812,0.06101430041034056
-0.688275410103593,-1.0418712068360454,0.10358681736050662
-0.6866438793028522,-1.1048943284762385,0.15879008859912663
-0.6862397267266857,-0.5874815351203448,-0.18225803984316313
-0.6848565897175478,-1.024737463941298,-0.04941900244937152
-0.6846080282963879,-1.1894953742896175,0.0001461292812811872
-0.6836564255146969,-0.3760472788843791,-0.23022176085341112
-0.6833175823596526,-1.0123889712933452,0.09141950430562018
-0.6828532553658715,-0.5905099741808805,-0.16417626887581582
-0.6817836057752849,-0.7085658968953366,-0.16097402804138425
-0.6797113805643694,-0.6808864570232669,-0.2603338505382162
-0.6796800701065517,-0.4543057425323113,-0.2785053301965009
-0.6796639469061437,-0.6336694114231154,-0.2627977156199699
-0.6793049669586012,-0.5470139225594624,-0.27480450835944675
-0.6788683007430554,-0.6988731838202207,-0.20648282672844226
-0.6787115234304679,-0.9438066086157182,-4.785469462525396e-05
-0.6756984379726639,-0.7653598560414044,-0.17229216887669754
-0.6750216449854282,-1.0073490147896418,0.07368600114224363
-0.6731925547234734,-1.109292955809776,0.14600625124487024
-0.6731358684876345,-1.0341363700659498,0.12643877696456673
-0.6724010747540239,-0.8839535788073299,-0.032863328008443
-0.6708661340631376,-0.48965109867899215,-0.1452255351380547
-0.6698550976118426,-0.5891400248972918,-0.1519456266923286
-0.668135220321705,-0.922488254741062,0.0654540771064276
-0.6679674578939444,-0.9291758743222652,0.0787325814801762
-0.6676537910862649,-1.3542491346426488,0.27457814414659876
-0.6676517707420688,-0.8837473312182664,-0.014243677708019466
-0.6672535525758173,-1.1506185441301477,0.1848720225411619
-0.6650129792693222,-0.9718900497430814,-0.035604479478712626
-0.664980298304645,-0.3571953180260829,-0.2632194226927733
-0.6649735276769503,-0.9008212688261896,0.08206915086860227
-0.6642174525237797,-0.8002237112187626,-0.04932429774351039
-0.6634743929281588,-0.7329948059545223,-0.10012876410522266
-0.6619896454234186,-0.9253733218635907,-0.0014166809541880214
-0.6618093152027715,-1.5053893507951093,0.2856302175073754
-0.6616402716312091,-0.60749422168211,-0.2314022465269143
-0.6594244254860394,-0.623681811377117,-0.07649036333700757
-0.6590974046401425,-0.3525121034947358,-0.25144280362691745
-0.6581575921977915,-0.751053801288172,-0.009971843192624735
-0.6578497594304539,-1.0838364372342957,0.08415070139721349
-0.6552747624178434,-1.2491669707739683,0.24044939864989248
-0.6543432446001928,-0.9701306971190355,-0.07533609589532396
-0.6535743233177547,-0.5021413885330636,-0.21645205772969253
-0.6529890482610438,-0.9534396452632007,0.08076217134342946
-0.6524856322761474,-0.7235297609606616,-0.1650557839557755
-0.6518941843139122,-0.2858261748338115,-0.22281759472492565
-0.6518735423537172,-1.1802173175807729,0.2341907375475097
-0.6499291986116287,-1.0235303755699898,0.07184295701055712
-0.6489391042563916,-0.8010043238516764,0.040656244118402254
-0.6452613225847924,-1.0797540031457755,0.13716615943866395
-0.6451426011482282,-0.5283360470856774,-0.1030001100133417
-0.6450644904504033,-0.8385832250224493,-0.05335036807317342
-0.6450630241981573,-0.796785757582488,-0.03097734406492191
-0.6443042341059082,-0.5282790347150147,-0.161076677103118
-0.6440692710126386,-0.7754484344488498,0.03321213174486248
-0.6438279967979867,-0.9910466597365204,0.13410221843417228
-0.6414382811392768,-0.5796016656099046,-0.08594332264583424
-0.6370618806363281,-1.381199621873926,0.29866374593761696
-0.6370545363196661,-0.7215126230756554,-0.1533959616252222
-0.6359122014130794,-0.8243375357129287,-0.0600225366648085
-0.6317089387437842,-1.008696563475868,-0.014784605115822254
-0.6290937085670034,-0.8668683716757182,0.0779306908323252
-0.6283614509807778,-1.199673783474926,0.1380734074857042
-0.6282321478754459,0.06826819536006924,-0.34689452686058586
-0.6277213395530209,-0.6175238018403675,-0.10845327395688387
-0.6273768265771709,-0.4008172813215397,-0.2797389909958777
-0.6266519867290329,-1.3904617663431547,0.27074128500392936
-0.6264892808779555,-1.3029972027585797,0.29600529468414016
-0.6264531492187969,-1.1131857174730675,0.1626914123930189
-0.6193549246918999,-0.5584369643293509,-0.20389720475327508
-0.6192315509925317,-0.7337802414975696,-0.04349543397643483
-0.6189135380240851,-1.0230753664395065,0.0657095681968059
-0.6182051824083771,-1.177620306304039,0.13886949414651564
-0.6171546248149085,-1.358713350429715,0.1918760429861357
-0.6161777334989595,-0.5007527100801905,-0.11303712252645925
-0.615558748019119,-0.6401196310605739,0.004361095352164079
-0.6146135895106419,-1.213518871954885,0.23250430169415362
-0.6123261813178861,-1.3425997562203116,0.2770164144972209
-0.610842888321357,-0.6213037716625373,-0.016010028723289056
-0.6106053573993423,-0.4856210951125839,-0.097674255821027
-0.6101061902261038,-0.35646107774807567,-0.24647222190393026
-0.6094610376164573,-1.1505599658325247,0.04904355624684062
-0.6090349978180569,-0.9212454968192126,-0.06568705489604942
-0.6076189095744298,-0.8442756846537276,-0.0033028789605684516
-0.6064854075647407,-0.27976933821091104,-0.19062070207035806
-0.6025280434669932,-1.0564531040567968,0.24784380599491074
-0.6007697178221809,-0.6206697569157316,-0.0048148305869916115
-0.5994741746723857,-0.5574139027077557,-0.05706913267516621
-0.5992185474246439,-0.5022811237966557,-0.08113863429601136
-0.5980358275199182,-0.35110720291203706,-0.24289231620396529
-0.5980011911651165,-0.9747924473067696,-0.01696858078232604
-0.5973749722390541,-0.07774954266566364,-0.2410459371741556
-0.5956092739896126,-1.0229549392452908,0.11903320602446067
-0.5946888320196474,-1.0522683180069958,0.20336506397264134
-0.5912951591084478,-0.4673838412956757,-0.2761112880201463
-0.5907821630075628,-0.8609060947404155,-0.0312982566999438
-0.5890473264405923,-0.48317309918849827,-0.22414702915964982
-0.5866906485890042,-0.4411448561782965,-0.11851650628514704
-0.5864613543256566,-1.3034554957490816,0.3496595575086579
-0.5851932883683434,-1.1820558716862868,0.2568719396225115
-0.5842452276870023,-0.20355509842987354,-0.26203945502195103
-0.5841603483830274,-1.290816941209886,0.12761059005367106
-0.5839795455705776,-1.0767846649967578,0.14825444869061793
-0.5817574815599864,-0.7151599613952568,0.02900855428985017
-0.5805159232211708,-1.2360433946283373,0.14858726071489253
-0.5779282136346034,-0.8696809697202601,0.06281593227849898
-0.5770194562476507,-0.5046923693074851,-0.12013016188261494
-0.576384461338172,-0.6573555914092255,0.026001016231887195
-0.5758172199157869,-0.7639749226344712,0.06283224506178967
-0.5748321641671226,-1.4333213421525006,0.3987422074548148
-0.5742996755799973,-0.5745289727781527,-0.07614933314509273
-0.5738187161347361,-0.19668093764993308,-0.210549517452749
-0.5735673910929556,-0.9449700318296029,0.16372555331782168
-0.5730340613002913,-1.0270405278026409,0.14136664690888157
-0.5725614173789025,-0.940497094955388,0.0407520640008652
-0.5709097850861404,-0.004868753565969223,-0.2554724488039363
-0.5701221517912893,-0.04792722178183314,-0.2377561172172225
-0.5648401020237181,-0.7404929754182092,0.06806557599692228
-0.5633519792089284,-0.4755276041630092,-0.020772882673536736
-0.5598689120658504,-1.0340123722199708,0.077223277580583
-0.5594739696426168,-0.13365425219171065,-0.19153405210269422
-0.5591306683614208,-0.8957545119609123,0.1569060879011273
-0.5589230938692868,-1.0758154752103297,0.2618491660717624
-0.5577237097289053,-1.0386167851799606,0.07864322743936594
-0.5576009899603681,-0.27074183550526326,-0.20851688637016363
-0.5553444869884906,-0.9614003754261408,0.04706763850105101
-0.5551155656995426,-0.7755579247455073,0.10339793703909128
-0.5537301389257143,-0.6210207419561434,0.018803842507225
-0.5536880591575641,-1.074508734594373,0.2431889725136675
-0.5529882081379561,-0.11921147313234853,-0.30033035538956915
-0.5526989488016609,-0.8183673135134196,0.12630860359024831
-0.5526126751006083,-1.4058827148812705,0.34698690712168506
-0.5525256494448623,-0.5501998023283283,-0.012236880177032346
-0.5517781155202164,-0.6268098665401854,0.02715691057767044
-0.5515360875329542,-0.620051721314711,-0.14148388411600055
-0.5479268608571582,-1.0099210009545234,0.08071997336496504
-0.5468294670702585,-1.0002880714652667,0.065118721068686
-0.5442991589136723,-0.5998245487771309,-0.12429643118775906
-0.5442782592357499,-0.36110738882818094,-0.08424917560004648
-0.543461432343613,-0.9074250244569096,0.2075698776585896
-0.5434173734341237,-0.0983629577319204,-0.18646004085304402
-0.5429981914278201,-0.5967882917071062,0.005772947022259897
-0.5424667940643119,-0.5554501344251012,-0.14022220327593898
-0.541716791705574,-0.813982544937155,0.1467301996967867
-0.5413937659258559,-1.1568017544538223,0.31427444503413876
-0.5410303229699741,-0.9210291390460986,0.19199334873856713
-0.5409043055676593,-1.211701147866,0.3209516971370824
-0.5405671793904493,-0.8431858193427726,0.19722646556317977
-0.5400405022803475,-0.3654296321800709,-0.04189118662387327
-0.5391580647525731,0.09285659460137402,-0.2879390927705353
-0.5389246139432157,-0.14496333802197908,-0.1982427958718303
-0.5379916854755423,-1.3649185172870228,0.42238311251823646
-0.5373119709957231,-0.9652832219644146,0.12705863640693435
-0.5371589142790536,-0.12686640135766167,-0.2652780494009443
-0.5370585483343218,-0.20009841873607842,-0.14203777868549913
-0.5351246539098272,-0.10669170569221313,-0.19691571613240239
-0.5345899981874526,-1.462125134780323,0.4620937521754893
-0.5340686533573835,-1.210395389846985,0.26455239382730483
-0.5329671381994668,-0.6706139562177452,-0.10047793550231236
-0.5326761304698896,0.09796820333958206,-0.299337750447003
-0.5308902502573801,-0.387708669114568,-0.061490465585271006
-0.5301551366620805,-0.7998790058795472,0.1934540297007006
-0.5283285134186579,-0.07733820365281996,-0.19579296435617172
-0.5274445828526231,-0.6095631150710593,0.04308441624442358
-0.525404297613965,-0.07110952589829245,-0.1972599646325973
-0.5238514564917537,-1.174412155458995,0.21832195548816694
-0.521801838309893,-0.9212698378723847,0.1334356440557514
-0.5185821015906105,-0.2708711749223666,-0.28603207920882623
-0.5183901140102178,-0.6090642552144218,-0.06646496713622747
-0.5152785587872134,-1.1283024466033726,0.3092187359593332
-0.5149104220143986,0.08946026646693446,-0.2526492164663261
-0.5124331261867255,-0.6725692915079642,-0.0003849559193668642
-0.51205000385756,-0.13397793151361231,-0.25959680706820376
-0.5118229453273953,0.11285872751930116,-0.26602691237747733
-0.5103316564453527,-0.7508082775482984,0.05888729329474889
-0.509709752803928,-0.7797829035327251,0.05354106454735472
-0.5096579245983587,-1.2027865196472676,0.2001502459474571
-0.5091454157488919,-0.2700870905262853,-0.24647346320848745
-0.508616253464212,0.054324199244133876,-0.31843737377032455
-0.5065425989206122,-0.07762632569293068,-0.2984447499937644
-0.506396085964773,-1.2446453956518455,0.4111491310311601
-0.5058719425356202,0.19964690576462799,-0.37643657343240766
-0.5058045584545472,-0.228471363965938,-0.1826444176344183
-0.505737860449709,-1.3655492807622835,0.2916064757012707
-0.5044748433512594,-1.035423764198444,0.28431375437532336
-0.5014712754414419,-1.0689340908549545,0.20124396024552554
-0.500644770122484,-1.3858911266382758,0.4698338077585558
-0.500004902588001,-0.03187690528338177,-0.26409820366730136
-0.4989239969135084,-0.10311008774628387,-0.2964057237315507
-0.49823475762306635,-0.40705853130744896,-0.047203516448574706
-0.4980543328290804,-0.04918025043894693,-0.21455244840855917
-0.4973696863695412,-0.7365184026120318,0.011567793679388908
-0.49509918719707946,-0.606747234017016,-0.01384900654330489
-0.49470329283596254,-0.23578733803187893,-0.13781265140328866
-0.49300169752750805,0.015862528668139256,-0.39880417156123277
-0.49284275303122144,-1.3630163497865744,0.46971053645757593
-0.4919623451851105,-0.3087970767412389,-0.02581922592856641
-0.4919083767190667,-0.6281056407641569,0.02761507439272912
-0.49155357156500074,-0.8764938989698029,0.16200508443500153
-0.49080998761613015,0.08349117759698446,-0.3103944324112153
-0.4893519115170101,-0.9325136283358394,0.21391909890120892
-0.485760813665352,-0.46011279719418074,0.008070974006190397
-0.4843776612172493,-1.136551128624986,0.2580032339165869
-0.48293565804833594,-0.12655593679762933,-0.10072915611303047
-0.4825283304093261,-0.16955767181703119,-0.1344548235327899
-0.4802595965202268,-0.6364103712975091,0.015997430360469498
-0.48008918726516453,-0.3040304271729112,-0.05852383777379938
-0.4786442549544885,-1.0071168273739584,0.13558186498253946
-0.4779906434218312,0.08095429893418886,-0.29709885222285265
-0.4767805288196995,0.2169622060624388,-0.3625312387080068
-0.4767591470075555,-0.9541478236141344,0.26980865734423715
-0.4761324906606032,0.17744006775715943,-0.27704068068638993
-0.4749177695039869,-0.5915542788697088,-0.0004658326463345328
-0.47379037074654323,-0.10070588411836397,-0.18109548530900266
-0.4724646554218812,-0.043108149517905925,-0.27571276859229776
-0.4722790277370638,-0.3148266353094492,-0.05676983481555182
-0.4714243284439628,-1.0882565992260704,0.26108025562842646
-0.46942635615500033,-1.0314717951730776,0.32788460040327605
-0.468603743613986,-0.1146057195470387,-0.2817719827742302
-0.46818685337773275,-0.6279062710860452,0.1648036344815527
-0.46698072932117146,0.19879507148746084,-0.24537612019893515
-0.46564543389787655,0.17833036096304367,-0.4146349091106084
-0.46439339873892943,-0.13331154203337298,-0.11194254752473097
-0.46216464538425056,-0.02964210285404599,-0.31916142739040904
-0.4612458568637747,0.03473740927554438,-0.18097978859547287
-0.4608669169850987,0.19730342794762393,-0.25517115412451985
-0.46026346883708974,0.34903669938171344,-0.36343863629886186
-0.4601595208157038,-0.22668002141922933,-0.2213504146145499
-0.4590127708335281,-1.1843639706692366,0.2986695232959567
-0.4588805770783817,0.3267160946641853,-0.3556491350495201
-0.4585748195201569,-0.5443031717265011,0.1059486388362664
-0.4560956679909197,-0.20611572601130232,-0.0902093716574289
-0.4557924206723116,-0.3641823512462221,-0.05323962969981323
-0.4548486855050393,0.12665510208689593,-0.21908072386681438
-0.4543635892852144,-1.24484752395295,0.4287240541075435
-0.45222389925881157,0.3968023609386202,-0.32068113223300343
-0.4522178991098636,-0.1928444176352445,-0.050382426914139425
-0.4515206664912696,-0.34693262439743217,-0.06189549575652589
-0.45083338349651253,-1.119406257380307,0.34895647027225796
-0.4505660375550289,0.018632867903333225,-0.16795702737598242
-0.4478093296262304,-0.7573574075584547,0.015924028222971107
-0.4476733074132487,-0.8153003472268812,0.032949785971356865
-0.4471786864854559,-0.5952715664103736,0.006487167042082942
-0.4465167191822592,-0.07097286997568594,-0.28072145008502103
-0.44293097354413397,-0.4939414274198949,0.0022787809712631318
-0.44280604668149376,0.11850273239536514,-0.36215574293167996
-0.4407864078704596,-0.34267256109097005,-0.010573211542985234
-0.4381914923368709,0.21585301991511174,-0.3496813685809777
-0.43811443924980925,0.10893336856570324,-0.277576652766886
-0.4380385424354268,0.11253207522909049,-0.3774059256999968
-0.4376859122535367,0.054980322142522076,-0.24629058702181084
-0.43766686574151303,-0.004331413334247849,-0.30068376288413357
-0.436765649079523,-0.09432085041603104,-0.26329686665239027
-0.4364503627381091,0.2833019098823261,-0.27360373235271324
-0.4364402742410843,-1.1051712846439958,0.3712638990507317
-0.4348535440077564,-0.49966123788119593,0.06383260807257204
-0.43319911158223484,0.33084921215062857,-0.2732364821158508
-0.43250752763595207,-0.9065851925768234,0.18668910777921008
-0.43232221920101016,-0.6179683247574841,0.09239937244483021
-0.43062395148949983,-0.5932154136741169,0.07747424425818447
-0.430400456623337,0.01717335316593183,-0.23587765621641346
-0.430184887285313,0.06222065008656665,-0.363357495985714
-0.4297217126220126,-0.10232982707640592,-0.11080430970844658
-0.4287141500317901,-0.635935559789782,0.12804569141823163
-0.4282038288663458,0.3421551110433105,-0.30765481036629017
-0.42801589988502153,-0.7017025069488005,0.12872832623060568
-0.42743149028328076,-0.3465564891594681,-0.009230740804267437
-0.4271628730521668,-0.666050441414038,0.04702121426906926
-0.42627342753172975,-0.7122705880972133,0.18542179639274453
-0.4260551494338337,-0.9499077102478136,0.25066577450528166
-0.42605007012089186,-0.9816842371289249,0.33071899633300805
-0.42524325570028504,-0.496941024764724,0.0021335284989482542
-0.4238734753476758,0.13526151804835887,-0.2254647053394693
-0.4238522965667325,-0.509445232321519,-0.026780846076135408
-0.42379901223283556,0.2638415082547617,-0.4146608654611592
-0.42269491252432223,-0.019970551591385752,-0.09769202239485443
-0.4214132413137955,-0.2594266242149138,-0.07791208599534552
-0.42059849896959667,-0.5530476132442544,0.14838941185430524
-0.42034575772104577,-0.7099960058389391,0.1987957962308094
-0.41949515366088197,-0.506348591309562,0.0033820020715503844
-0.41919674963755477,0.11085318196433717,-0.18228531363618566
-0.41910651399465265,0.30030445337680844,-0.37872989568876153
-0.41775009082771347,-0.8644207131256312,0.24042756660785947
-0.4177279888673197,-0.8794994947052885,0.12914554715949186
-0.41670775527984466,-0.7379318762205297,0.14491685814138955
-0.4133132130782213,-1.184568792494985,0.3322886790031223
-0.4121788222548673,0.009863432752133366,-0.1317200793536679
-0.41131379018328307,-0.02804064211694969,-0.13121769782808734
-0.41010763036058445,-0.7325709111497987,0.22503441761192072
-0.40993472755129867,-1.2611203914686502,0.42055888101890676
-0.4088534379200801,0.27388521601188925,-0.31802968135948734
-0.4078096824977329,0.5474986791932851,-0.37298125265322996
-0.40731655717032583,-1.2109488493765623,0.31129776751939714
-0.40672196409441586,0.3805277227523806,-0.31623259628853184
-0.40607619870480754,-1.1677711641119948,0.3807427065051421
-0.405763769336913,0.33697229612478363,-0.34706935239653025
-0.40552039606580037,0.1374381625159573,-0.18050044508000468
-0.4043272031399874,-0.2600609700650834,-0.17868227664965777
-0.40169319239801227,0.666773710066822,-0.41642145692987126
-0.39839995572506354,-0.748318553077203,0.2583250383157368
-0.3974242105214172,-1.3368716001937266,0.5102386132709388
-0.39538207502552,0.11328873079880991,-0.16777715724773856
-0.39526125787054806,-0.03567222227450117,-0.0978632191918967
-0.3952180343216123,-0.7623531184121602,0.17912760615107537
-0.39357122803186956,0.18077856140702003,-0.18963921338969003
-0.39267099439306485,-0.05158365398615161,-0.05358411410126551
-0.3925481670845109,-0.3739424776892258,0.06333504628583325
-0.3916230757705387,-1.0893129101926435,0.4149939946979121
-0.38932996514852136,0.173550862385987,-0.16378398119642573
-0.38764054800963477,0.21005886413667013,-0.2649774280034776
-0.387113637916054,-1.1935463447077974,0.4865102236062452
-0.38711111433450157,-0.939813028918821,0.27410079941283594
-0.38673321095463836,0.048689158363974215,-0.2202609723568409
-0.3866862796016734,-0.5565842889236767,0.0976771265136173
-0.38667567851593027,-1.3094162391145898,0.42859358622919785
-0.38651347768352545,-0.9332286608201931,0.34683931048980315
-0.386330709351682,-0.34836326924331307,0.08858012023736891
-0.38528424719442067,-0.6000007955868252,0.2040371603392667
-0.3852101028090797,0.48729632224812597,-0.46908904151135244
-0.383848437746612,0.029886525977624305,-0.2735421646414044
-0.3802157725903864,-0.5277969964528435,0.09582842181860463
-0.3781990851377926,0.4723436409788348,-0.3166065878122198
-0.3781564879623055,-0.10034588697696631,-0.23110168120778316
-0.3777386335510413,-0.3433097155306974,0.015255317376469374
-0.37736674450015484,-0.7775633697668531,0.13378745736350164
-0.37711706102915993,0.23473668209136295,-0.2109181657017062
-0.37637102079134344,-0.046310661237729096,-0.06986266999308377
-0.37526151107467154,-0.0065646979994145385,-0.09783968057391694
-0.3750685019892414,0.34783936511665436,-0.3358673333397147
-0.373979713462638,-0.760640965391983,0.3020030816934517
-0.3733897731291598,0.6569552397878557,-0.3873582282707773
-0.3732278644630051,-1.1059991567600966,0.2879825290190356
-0.3730766273535916,-1.0195921960298713,0.33990117124206964
-0.37232455576003226,-0.5682736039147407,0.03092078251603349
-0.3712840455181369,0.016609112203454013,-0.07484281843016229
-0.37124813806443646,-1.283286982837272,0.5085775514510147
-0.3706023583675708,-0.6001720221533348,0.13699175582520182
-0.3702033223675702,0.4775718630573356,-0.30154878435068144
-0.36946998762307787,-0.2954688331826796,-0.08257427931020046
-0.36892112213397626,-0.6465037959506286,0.22459469628296846
-0.3678985806744076,0.4514747479082476,-0.4578539916821419
-0.36737559297477396,-0.27587757150075093,-0.09902147816856867
-0.36708326876143876,-0.4978060189234395,0.1912182447158809
-0.363533380036851,0.3283155946501945,-0.3640925240314334
-0.36260472654686293,0.40786557278166924,-0.26020347470814864
-0.36212284835883524,-0.2566869277276755,-0.06453634661247847
-0.3617745753023504,-0.1391362571008831,-0.1554500668720285
-0.3609875027757297,-0.06492761135604255,-0.11353491754945258
-0.3591171670822496,-0.9859530556262189,0.3832709293413986
-0.35801541427691125,0.4665079047065678,-0.353477407241598
-0.35575971269414014,0.31618471751310007,-0.3794841617923723
-0.3556152322098276,-0.10060575520515844,-0.06159217025443094
-0.35561171009111164,-0.8172034393016252,0.3669166799550696
-0.35467461986575327,0.36998104610991034,-0.37943465369783097
-0.3546320465829352,0.762157732740091,-0.5298644430429402
-0.35306966253955374,-0.9031645408154431,0.2127161770750107
-0.35267958948705436,-0.27395828312705583,-0.028345641701733978
-0.3526721777336801,0.32203669357172937,-0.2557855043421547
-0.35259419222177907,-0.07080190496445388,-0.03219776090071153
-0.3520968520286221,-0.1031723812176738,-0.04391242287891787
-0.3515240055309751,-0.30116523465731426,0.00034720754724676064
-0.3496912874770356,0.7905293484606465,-0.4421475486715299
-0.3489770441833531,-0.24792009461673817,0.052349438636509156
-0.34831142718014774,-0.06590223779411718,-0.10064515460214332
-0.3475309605762915,-1.3118868513780166,0.5423627609693686
-0.34648725852434753,-0.8094459200456031,0.3294259483982275
-0.3461282839959159,-0.17088036740012552,0.03409115535359382
-0.34531290730057773,0.7633480602725347,-0.3755337960840538
-0.3443593093166583,0.6676191144440115,-0.47545433641704077
-0.344259968061291,-0.11484665927068584,-0.09275113840041344
-0.343068440915695,0.49021166410296624,-0.2840189036044682
-0.34156063619181565,0.41289298271290004,-0.23467577907860562
-0.3402255686844155,0.33019630364985186,-0.21609213806932975
-0.3400320175584808,-0.16985695936341277,-0.050247915841049574
-0.3399723937315259,0.2722158059152077,-0.16836597328464925
-0.33995087068874513,-1.2288638833738117,0.5192859870500377
-0.33794076080826035,-0.12769163052678204,-0.1467438105948873
-0.3374102573785997,-1.3352606332726316,0.5215252962137101
-0.33728804229766374,0.3366601605842666,-0.36955020795937005
-0.33696195414548696,-0.025064491161183013,-0.12979203078568033
-0.33503310030575684,-0.9852829656977964,0.4093403926885444
-0.3341662603829592,0.34868486688150035,-0.22635540080340888
-0.333206653754024,-0.07952861968044347,-0.19775555667504227
-0.33313921558442056,-0.736608712587062,0.24489992873091415
-0.3327649436912508,0.06344570202400164,-0.07319892483563266
-0.33248686031950475,-0.34084992436688794,-0.03680380637722292
-0.33153298575690787,-0.7400306690974863,0.33291069922866795
-0.33137951698821555,-1.2650436851350135,0.5390543602185209
-0.3296422857881306,-0.8554811013859573,0.2976344192373977
-0.3294569042395661,-0.13664990920028366,-0.10922027941657522
-0.32901844596225455,0.6759624802308094,-0.350968284575156
-0.3286941263790961,-0.1431630964284325,0.04371994497585556
-0.32853325182547394,0.3679077661119096,-0.19912579030950758
-0.32593963156666883,-0.3635051142464384,0.15968346535101308
-0.32393083455528277,0.7670815748669388,-0.4123673727702571
-0.3235102848683748,0.35316889220083203,-0.3145740910117728
-0.3226965943452207,-0.1175624438128562,0.018172759889922924
-0.3214999933766262,0.8408572052257453,-0.49785978040499257
-0.3212655718428032,0.37174312075326105,-0.30558963215069673
-0.32125373007690283,-0.7057476111978738,0.286394655878389
-0.31955370911828546,0.6391160087991145,-0.3198164961889094
-0.31786348757535826,0.8642053345477514,-0.45916297302220993
-0.31725899333515584,0.2973573571535103,-0.2523717280831396
-0.3151637741660313,0.09984825871777028,-0.10983197157290171
-0.3147515188305815,-0.7366823893798559,0.25760283645371607
-0.31387427525033385,0.293674896457078,-0.223577797860514
-0.3124685604993132,0.10447565953851438,-0.2591005726622235
-0.3113628756204705,0.41424243243475267,-0.3164062015015808
-0.3087408106736176,0.17082438716952775,-0.10993307351237494
-0.3080130796708388,0.6206654676886545,-0.3797201006457727
-0.3079601358765818,0.8202327445064745,-0.41352909426254914
-0.30786630681777005,-0.4348054965930199,0.18249161958173504
-0.3049614906340125,0.42906267642242796,-0.4149551812669312
-0.303704087283866,0.6091048985867078,-0.3200471827162915
-0.3033956764632676,0.1259705468825235,-0.06586465003818115
-0.3028121432059371,0.33758208298961684,-0.18072714571602086
-0.30183619851610005,0.3578493675188182,-0.34207341443730976
-0.3013382558361932,0.8180792625978255,-0.42066609160472496
-0.30035602542190093,-0.004400554084453118,-0.005716817176615922
-0.30008383119535104,0.02339260278809178,-0.01564946059768436
-0.298123658388463,-0.010709540768025131,-0.01759449079663427
-0.29604579879114057,0.31780554454623217,-0.314806044012175
-0.2949032588842643,-0.6485968649560854,0.32511511740547755
-0.2932397723835727,-0.7005334655829099,0.33105178447695205
-0.2931617059720516,-0.6522735300737508,0.23943737800992546
-0.29278960687247824,0.951422179914502,-0.4384588214073339
-0.2915164645150934,0.22030159882208353,-0.2714777186409496
-0.2906894811738914,-0.7574788773118823,0.3905833286123045
-0.29044822872090403,0.3950746895102629,-0.2646555897930479
-0.29034761456177505,-0.19452153431672264,0.01109893216186289
-0.29003791725821887,0.5135876433498918,-0.3325250680959298
-0.2891808577259471,0.8873559612033061,-0.42554502155174184
-0.2867848408439727,-0.44792341105579664,0.04381290789294304
-0.28608346723657097,0.07187913141952919,-0.11304189802205176
-0.28597083513660054,0.09566740183451977,-0.023187759509411765
-0.28592195362166895,0.6724142928146332,-0.3715855050412822
-0.28590952089851507,0.9550727464819547,-0.552813528685084
-0.2851318136804602,-0.11679155133612526,-0.01764088265055225
-0.28485385447561024,0.6574985823325866,-0.4462859477804677
-0.28471373004687445,-0.765965187753665,0.3022007815789292
-0.28462700917925027,0.4382273203823146,-0.2076482871471342
-0.2844066225332134,-0.338637219582711,0.1929294488697126
-0.2836049975321066,-1.5167203517564822,0.6650588173648025
-0.2806771051853339,-0.24778923404392925,-0.03347979873173906
-0.27989799623964423,-0.19320666830875197,0.12142777161753542
-0.27801773630061427,-0.5387959345052903,0.16438849355900223
-0.27738128523989714,-0.17594212175837262,0.120614569734559
-0.2773364636937035,0.9296507111471486,-0.4355998065686201
-0.2760691515000623,-0.3705022567266786,0.16166627378797715
-0.27580259032792,-0.6513241102708227,0.14711494516380577
-0.27560409084574555,-0.4691775830885912,0.25335617225787344
-0.27415639722866814,0.5446064013453481,-0.2671400014940302
-0.27367993804984586,0.16664230438531855,-0.1362284679469987
-0.27307087729192675,-0.686738029057792,0.2952197191305665
-0.2715151763806117,0.7764641160686014,-0.4684222722762396
-0.26852954933733636,0.33160616092631623,-0.21919881461917542
-0.267925585047674,-0.7363782882281606,0.35057274912246744
-0.2678218721889707,0.19394334654828868,-0.20782957899408233
-0.26591721340948643,0.03339338626571718,0.002896997488376752
-0.26559837973666583,-0.7850807182994641,0.41230229348177283
-0.2652004710426492,0.9541469966926929,-0.4530970082538882
-0.26459535861017486,0.7905201780386221,-0.5107589979917367
-0.2645679590641767,0.9567731059570325,-0.4734377489657631
-0.2643761383706785,0.1460044096317703,-0.027322965612094817
-0.26300664740339197,-0.34819246109422175,0.17371243207210776
-0.2626189483042459,0.9079998962114526,-0.4763771830240276
-0.2624948768758434,0.7528020059385359,-0.4436452463461942
-0.2623220463459083,0.5108689775834336,-0.2774400913036111
-0.2620993058625323,-0.8989751688186968,0.4621002903691107
-0.2611535057395728,-0.5547884252607113,0.26220305744894135
-0.26088361109244707,-0.19167173487457131,0.13716011455018975
-0.26087345338062146,0.6790934157052309,-0.2974425353723602
-0.2584520235922652,0.10797143863289003,-0.17788545141855022
-0.25773891630761797,0.37408047312867343,-0.17584649777191777
-0.25728105004701285,-0.8769270641254882,0.350053338913692
-0.25409395023134235,-1.11453187004313,0.5126737742444482
-0.25160905215168705,-0.21480026565721605,0.16315352682719522
-0.251014321839704,-0.7900595163736308,0.3248246722431319
-0.25055052361380253,0.6051824708474042,-0.3458323064320435
-0.25029668038024455,-0.1966174769546588,0.10469561291460648
-0.2495877596631256,0.18674130414925155,-0.038350423156545986
-0.24795281911318537,0.02737316461095446,0.036735970167910026
-0.24547725544925783,0.793195774971035,-0.3285814861426025
-0.24521731980249215,-0.7252174721609115,0.38735464487494037
-0.2441331982825846,0.6066845231004727,-0.38763178284205346
-0.24362939152442403,-0.1503631927125638,-0.05397023040372538
-0.24015650811361722,0.7626646667873327,-0.3239757635176327
-0.2387797352222095,-0.9227455743607217,0.5068051052896712
-0.23704933178135806,-0.8309474036885615,0.2903130479708078
-0.2368603287033767,0.7412893578967366,-0.441169004035546
-0.23375837028596658,0.8268602009311821,-0.3146356617846142
-0.23257403260640616,-0.5670593942097356,0.2637817795518837
-0.2313990478656533,0.6516248559881218,-0.30614447320915644
-0.2312856193020378,0.33866436316294557,-0.27790850738196266
-0.23123716207250508,0.7443119631338307,-0.4465224987616388
-0.22735669895247604,0.5178061968406429,-0.3482949336320839
-0.2272621262604968,0.8090747714686521,-0.4485012280286823
-0.22682085946906613,-0.2139904405127195,0.09311608324467113
-0.22636390641997645,0.9663807942429948,-0.41055977424701307
-0.22480329920179726,-0.6055460009376545,0.3760418838877015
-0.22438727673615788,0.925287931697052,-0.3636899534980229
-0.22339450685963824,-0.12328547697329222,0.12735443223949852
-0.2230449295893494,0.20229771414774186,-0.04765070393965001
-0.22134002740397182,1.2431137932323717,-0.5428007120589541
-0.21751343300745282,0.8841456502529359,-0.5177405817068185
-0.21638805836052155,0.9125035055102008,-0.48357922522912106
-0.21479513385755333,1.0084823337286206,-0.4287515308933887
-0.21431064696696966,0.8063211134890662,-0.38265943563311244
-0.21370207611049422,0.6554673741700319,-0.4320179496699068
-0.21194233428134684,-0.19236438440362405,0.136860128266354
-0.21025206993706397,0.2938733045487792,-0.1483867528133436
-0.20678847089757804,-0.3468907139824843,0.1442172723207013
-0.2052466769073152,1.1212906600553534,-0.4443835702290975
-0.20392359540647934,0.6820224659483725,-0.22729075160910275
-0.2025729109864597,0.9593789474145478,-0.3655050556495948
-0.20251455792045672,-0.12122636541508158,-0.000977529727783147
-0.20115221498235625,0.9737920663937446,-0.3854419663043652
-0.20087205486236095,-0.5818926398167104,0.28888823021869664
-0.2007213305532073,1.2439909686279005,-0.5238108709251534
-0.2003949596294577,0.414939836266268,-0.2719788050998896
-0.1998874453577984,0.5144512251058246,-0.17559761349828804
-0.19985413748052303,1.0345063073918337,-0.40333773643756965
-0.1973916111283921,0.5923276112983806,-0.26171060118351425
-0.19699455246950784,0.6523408575592569,-0.20507632985465274
-0.19610479214877888,0.2983782516407599,-0.03114802697732949
-0.19606799199949737,0.605310244499541,-0.1984164751213816
-0.19510793362784862,0.021252251148874673,0.0595416831743476
-0.1931576776416883,-0.42614758347912285,0.2954774409140499
-0.1927825391904528,1.1220255541073352,-0.6270512653021191
-0.19277766043332198,0.2077676334219942,-0.1646864324984408
-0.19214150360038385,1.3294846266189453,-0.5833736348449378
-0.19004547029370059,-0.6233366578577021,0.4265871818584846
-0.18959344333358535,0.4391507380749299,-0.08897065509804486
-0.18905260155570885,0.25117810730690515,-0.016612692249643395
-0.18867832307534138,0.15209836541432864,-0.05650386021193551
-0.18775724104388414,0.8023183673160916,-0.26715191722647136
-0.18678404638525933,0.2706387556972261,-0.02302616193233614
-0.18632193469056185,0.7578615796885501,-0.334159557860427
-0.18600214099374368,0.9785965748396507,-0.5091574769755297
-0.1845363490550956,0.16560222933067661,-0.13458597463497654
-0.18404618732970274,-0.6061723652920118,0.4244156028979223
-0.18220886454031018,0.953154005121588,-0.5261570833337402
-0.1821654508546708,0.939623475156127,-0.3464833577902191
-0.17870805452597277,1.156430459608633,-0.4472463276335284
-0.1780454891069643,-0.6697584389689779,0.45290173872539524
-0.176937503231592,-0.7563259151653057,0.376194249363434
-0.17415238933676272,-0.663912331375143,0.43445791605091844
-0.17266652743668082,0.7228722237717474,-0.29231328682499136
-0.17264097065479284,0.40803016742901344,-0.07494075263171522
-0.17048377184021699,1.0557477635121424,-0.35315116081371206
-0.16986956122109703,0.9909786869358004,-0.35225662946705205
-0.169037318748089,1.293716928051507,-0.5993058657890108
-0.16892468153085602,0.33829604740706787,-0.08569674929791983
-0.16797558472492782,0.6231152029438509,-0.19385481359731463
-0.1673663430887398,1.2644339930803292,-0.46521205547511923
-0.16714972075362947,0.9769030497656824,-0.3553622063150756
-0.16674092677659738,0.8206483040310487,-0.45309386058274514
-0.165279643755634,0.9262432071853879,-0.3626161432060529
-0.16467106794774786,-0.15842613426381338,0.22807573539698428
-0.16453581085983307,0.7426033372922745,-0.40231197884360276
-0.16374049570411675,-0.5765341145306317,0.32511459502319767
-0.16299143365240293,-0.08581266732004088,0.0014062879140479237
-0.16228408896393157,0.6917986019906722,-0.18687948957594783
-0.16222608637891944,-0.2635673764506888,0.18924003969347425
-0.160776587198184,0.7639275696174883,-0.3479061488060235
-0.1600818004398789,-0.5557140217513925,0.3865427331340473
-0.15955148190033466,1.0248190951042637,-0.440245205963665
-0.15825213137084804,1.0204947366220243,-0.37888944179789286
-0.1582092874991628,0.471437688978099,-0.08887114345823832
-0.1576516918194806,-0.3858141788000443,0.26570501910908617
-0.15761253887954108,0.6260165215484127,-0.35510743511316656
-0.1575541725429761,-0.6655083820732913,0.4507866271285213
-0.15709583554749018,0.4520396431654224,-0.23669225722791398
-0.15706227511353604,1.1093977008676588,-0.5125716803335951
-0.15697157099554818,0.5349837209563445,-0.1421713015868416
-0.15632310118956433,0.5323560110491927,-0.2278388638311957
-0.1561898436071418,0.8886628642992593,-0.2870884809134988
-0.15579564344849475,0.3488678482966772,-0.1538443214287785
-0.15578178141138962,0.7361441549473026,-0.3241166582364434
-0.15425333477732414,1.37791023504151,-0.626028941400933
-0.15314877827001352,1.2182289387167216,-0.4521575746784909
-0.15308988681537508,-0.06072589475557808,0.0935959282094499
-0.15215813733194525,0.6649049164376386,-0.1988465347080062
-0.15201924990019589,-0.76628496857064,0.31029770135059614
-0.15197117128389964,1.0031122421532326,-0.37488694113162485
-0.1516026483673322,0.9132409333246695,-0.31595743320651115
-0.15104600399049295,1.1374475890541003,-0.4778054042972313
-0.15019972252749816,-0.8122285775766616,0.44552582092231935
-0.14994736023504152,-0.04735062377678423,0.11879404398126304
-0.14705268479943598,0.4403698788326943,-0.21525297419685624
-0.14592127398632132,1.1934984567056637,-0.4055918389193254
-0.14495991656913787,0.015925320167036704,0.018701802855750637
-0.1427816996840663,1.3751715402722064,-0.5213005613803159
-0.1425259171644689,1.2089184017800758,-0.5398888240693739
-0.14246550977207528,0.28153571674580424,-0.06960815846141033
-0.1415613268022292,0.7815908200969777,-0.42151131490778027
-0.14124467430316673,-1.4141198706883626,0.6698678548035948
-0.14116148307330104,-0.119264784502464,0.191033611037732
-0.1405934924995342,1.2095937337002423,-0.5955804353885018
-0.14012183426473773,-1.1363756878447622,0.6941685671651958
-0.13817988428376288,0.9810642441457917,-0.507383046131474
-0.13775168895438936,0.3550162714188876,-0.09675809314150717
-0.13318511942209302,1.3870417562043573,-0.6771207980539373
-0.13312422682130476,1.021633675472857,-0.3388673641948362
-0.13273276747854126,0.6336640694967595,-0.12297902226648108
-0.13119393053264092,0.03697163573112061,0.11666241222753619
-0.13085279965864557,0.9753069973929199,-0.4163599599319492
-0.13049660324144405,0.8970288950291319,-0.23693749086007737
-0.12950264867069775,0.7796129628281305,-0.28916128768391913
-0.129420376857417,-0.04797407162564374,0.17500117550519023
-0.12860266613322668,1.208025024055391,-0.49626448166948617
-0.1284721367526622,-1.2307492552119679,0.7150613336618494
-0.12778294133606624,1.3742670605097005,-0.5631515994800308
-0.12752985045953666,1.13383933007207,-0.3870290513605349
-0.1272582986826864,1.2758257648032736,-0.5271265951403539
-0.12499927788129817,-1.0208513285512528,0.584530490079659
-0.1241899224030061,0.38735860647243153,-0.07166094319372991
-0.1237649146357381,0.4702807793687141,-0.24509460066780703
-0.12349763723311592,0.1397131417964554,-0.06127780254834247
-0.12299478110709253,0.8437666876771328,-0.2509486484555036
-0.12275575064337735,0.3989974446231972,-0.10176811165558387
-0.12208622983481379,0.7577499641924199,-0.39037920774635104
-0.12010813159851268,0.2620800271583811,-0.08684894144915287
-0.11981719382879426,1.1264104613392873,-0.44182532333965036
-0.11950349785408731,0.23336628162828815,-0.10019944550393135
-0.11944348710014814,-0.10543691509251195,0.05603432088891812
-0.11896408330464102,1.2835492450027326,-0.622490976788005
-0.11653088480911088,0.7347646264075455,-0.17643211214632482
-0.11506951465368377,0.6993698851505111,-0.13721448648976212
-0.1128254375449564,-1.359148046905397,0.7551708292000523
-0.11230574055763445,1.0350091986775407,-0.48388930674916886
-0.11207539880936315,0.797501678852119,-0.28466648795156335
-0.11203654404412644,1.116606638943917,-0.3812358506620564
-0.11079891038875472,0.7704995154058705,-0.27165932445699903
-0.1094154396286535,0.8496913735862058,-0.3942293975254104
-0.10899839463483592,0.8535790902295908,-0.39463659222878666
-0.10677488085377253,1.4343582678065516,-0.5165581489430704
-0.10622524883870528,-0.601755161836757,0.4020147700499912
-0.10531350783981085,1.1813215394315715,-0.397264226724699
-0.10513429087025462,0.14014033385077998,0.0881499409987184
-0.10500857922435536,1.3219513079978884,-0.5673234134556129
-0.10441644300959732,1.042336976022342,-0.4255950439144123
-0.1040913542513224,0.0881241384701559,0.06604841452427913
-0.1036795592720222,1.3534934315935967,-0.5731708291756269
-0.10222480015840774,1.1374837896539385,-0.36168750602035854
-0.10213473729049485,0.8620345242343113,-0.3037378280670134
-0.10191038080025382,0.9634012855365627,-0.27174533591751016
-0.10103463644698704,0.9034423785828051,-0.38952645310364176
-0.1008979598539175,0.2501248495898065,-0.09567675921957614
-0.09793890098455849,0.8001127614728694,-0.19486926464941431
-0.09730571658520609,1.2117231583035801,-0.5548797285813262
-0.09712867295383897,1.7160013554540952,-0.704163741679454
-0.09660011672980351,-0.662960122500343,0.34905731545922963
-0.09593820113096217,0.2958191627741878,0.009213089852269658
-0.09442766592041396,0.8254379448662073,-0.31760651889159647
-0.09439491103321139,0.21755922031535505,0.10462669678715227
-0.09436814818810862,0.9443948262334886,-0.42317853476313233
-0.0940154621803401,1.2660988714517802,-0.4815361347831517
-0.09236189156632865,0.33020449063030627,0.02018700759914792
-0.0913506710388301,0.20307870678010756,-0.0410740276354487
-0.09112236776309325,0.9531469256398215,-0.3419046186314826
-0.090773084067304,-0.1804275930812653,0.21041565244907576
-0.08972209898708544,1.149242083229865,-0.34081441649977834
-0.08535863546321362,1.390842460164942,-0.4514932110215638
-0.08386198507216393,0.9611981713666056,-0.3247775152918131
-0.08357186683213856,0.7921268026972099,-0.18084015657222957
-0.0813837718842374,1.0528489375945336,-0.31832446401046194
-0.08089137229121025,1.0333261539536822,-0.28331049794412
-0.08010463610134562,0.10196593441752475,0.1536318221139837
-0.079989717483083,0.8373708868149428,-0.2909902547579087
-0.07913296592021292,0.7937316459475856,-0.32962352136388773
-0.07423929234939478,0.9345606430201385,-0.23636552456682422
-0.07353364190661878,0.21033321126827864,-0.021639828586983705
-0.07351404095700567,1.1941778820026054,-0.436056212020285
-0.07268619371936486,0.8682973925502863,-0.17802400012098665
-0.0722266367648746,-1.096654743512908,0.7446393989320719
-0.07150453914089751,-0.3774121817014832,0.2989113139262752
-0.07098234214669923,0.9645350362999039,-0.23851019886848468
-0.0704869305056175,1.4163034305449635,-0.4667279747795544
-0.06986966119274446,0.7953791984783346,-0.14875931726832253
-0.06967520875274255,1.479142498471583,-0.47714610979391764
-0.06893704204233472,1.067104144076092,-0.4551813124488687
-0.06869447732769904,1.0666904931891117,-0.3233311369546977
-0.06728817140561962,1.4592820097258765,-0.5339474172555679
-0.0650722312020494,-0.019535638679120646,0.21965459109963867
-0.06388512979227763,0.5875254956497665,-0.08967098281134868
-0.06289794936189054,-0.4203466176768706,0.22644134099036722
-0.06254347003058962,0.19498765967892925,0.060676774499619494
-0.0592654419812908,1.2934163758922461,-0.38029881120068293
-0.059008974498491795,-1.4589000277792883,0.8274891907675554
-0.05820140267823511,1.259093881781882,-0.4987973896269764
-0.05670533703251818,1.2589440696160485,-0.49725177721003627
-0.05573524183796282,0.43363751527512334,0.02884910041844769
-0.055297384642291746,0.9001572200300328,-0.21812349479735033
-0.05416233255258606,-0.6926242676501609,0.5762511409671268
-0.053417219680369846,1.4620404841407384,-0.5432747598597255
-0.053375086891364484,1.0230973041221645,-0.2792599765697608
-0.05282029795022015,1.2055986620328518,-0.34155701585507686
-0.05235964991968778,1.0944250602043102,-0.2852315275200973
-0.05218032449488831,1.2079334793602603,-0.37867168188375777
-0.05214741280878614,1.0419368559581745,-0.43155253407442973
-0.04916218076729838,1.3793299626189663,-0.6184489126548821
-0.04839198095146481,1.162680722291666,-0.35912219187117594
-0.047757971959201326,0.35969802708213205,-0.09038978839918173
-0.047669183856034365,0.6820852261231395,-0.1637034155902363
-0.04591838610288913,1.0278794578024497,-0.33407780960941963
-0.04524512987786081,1.0001826239328013,-0.39868472421614365
-0.04457900367351096,0.9000661705331646,-0.1764285054840787
-0.04426873820729023,0.9760646309697758,-0.340771707504921
-0.04261911653264683,0.8749470502858876,-0.17984065507414904
-0.04141597355672262,1.3614561832567567,-0.48652427381997027
-0.04002825573218556,1.3988634810233234,-0.4594582716761934
-0.039358329275287894,0.7012310662684974,-0.08818287621484817
-0.03819379710567202,1.3473981518404579,-0.3717009652250524
-0.0380923789565645,-0.8258832615235328,0.44831060219339286
-0.03739555466445997,1.0625129150993695,-0.25854641032174247
-0.036111359501521376,-0.055116991810600174,0.2782004000229043
-0.03526488336221303,0.08424547534288229,0.10398790292562712
-0.034144067822997205,1.0952778134738748,-0.2797938406926003
-0.03413829682811583,0.5247822074951022,-0.016610530235592086
-0.034137359633528326,0.9539734836218495,-0.28083665418907316
-0.03399518105211401,1.1741007872860365,-0.3040203950634881
-0.03229539902704011,0.6878951773729808,-0.2417821285155323
-0.032146918214063645,0.9298444411990515,-0.22446761640033402
-0.032009221406849496,1.4795825587062867,-0.4573244725420326
-0.03165444258789747,0.8896842810183235,-0.1429976295822538
-0.031032239876824252,0.21390518428381286,0.15727228164161836
-0.03043372679439728,0.933158246643947,-0.2767176749535083
-0.029845232084597825,1.3529027695855584,-0.3572261622996531
-0.029234894535693678,1.4565963026741622,-0.4271252918792931
-0.028684987757848713,1.0776565452996503,-0.24530543832368815
-0.02806696277981496,1.4160123402648281,-0.40549893770657475
-0.028033613784025836,0.877906088528731,-0.2722377521072828
-0.027649545706094816,0.5445129342260598,-0.06978376547921172
-0.026817143105249436,1.4081647555917054,-0.5148220330747544
-0.025519988894054293,0.8880133195234833,-0.17071146351199204
-0.025404514291439688,1.0762768687714686,-0.2742091258329224
-0.02371939129029223,1.2537449140281791,-0.3214591671441363
-0.023690597800920005,0.7938117430026715,-0.10451554290485432
-0.023645255522842714,1.0400746112223898,-0.34418712066048884
-0.022954828984497907,0.8179590106067377,-0.2902356582148558
-0.021705667469102494,0.09132332101287076,0.050723218770244285
-0.021425413100133593,0.7216645400153816,-0.15882169543017036
-0.019993075951467015,0.2534067045549144,0.0718253996087409
-0.017321123615655604,1.4136473926793311,-0.41915153066100996
-0.017180054049842727,0.5877348147067712,-0.01496705884804066
-0.016836150221553547,1.3633247471572492,-0.4151157313120879
-0.016819610805742544,0.24404501557022035,0.10009916778063004
-0.01465246650394219,1.4072959890363865,-0.43014519861348355
-0.013376983416317698,0.705856390708309,-0.2304755197868612
-0.012250613475688071,-1.125898976069773,0.7413045342368969
-0.009832428221522178,0.6541625057571155,-0.039689316776216586
-0.008140504925300782,0.7878518202733485,-0.17962964758066674
-0.007471596855528193,0.6898445118999638,-0.1970192198887448
-0.0071880640694506545,1.3525976936613109,-0.3649252338010796
-0.006857186892683391,-0.0710270244960362,0.359769509732434
-0.005571557387980487,0.08795187724749111,0.26510519690047263
-0.003075496345829205,1.025948790494165,-0.22702206482294668
0.0008795461830159012,1.102000977126904,-0.4195608258902911
0.0011257184054918883,1.596442185091776,-0.4614331567105632
0.002258662394978024,0.5185291257025838,0.03821544925081434
0.00253996878678506,0.2904511799581956,0.13083076219316103
0.0038796583856027457,1.9304499995356177,-0.6337541242098015
0.003991237126856259,0.7501830250816562,-0.0646198982768879
0.004494902996975211,1.857366573557837,-0.6777085890579865
0.004991165056250487,0.8816063103355052,-0.18514448817845713
0.005488834052503659,0.7377657768850877,-0.061057855253451664
0.005775985078425861,0.1231994308880475,0.16212424925565114
0.006225054176305867,0.1283481691075438,0.18029682449884463
0.009875462558227414,0.11205263060458133,0.23158619288191326
0.009977362442151293,-0.8969912638422735,0.6294719492231232
0.012249326277099343,0.5519485426712281,-0.04029063499705001
0.014894340057049269,0.8893434809982341,-0.24463720564777003
0.01608159955771656,0.6258101188651299,0.015000373607332414
0.01767938876657233,0.893217851497583,-0.13223586698338183
0.02341174239785027,-0.5052508444009419,0.5456590566935924
0.023705596526553026,0.7523998943146661,-0.026232102436506186
0.024324464388448756,1.2273473087464661,-0.41127622894302074
0.02438005371773749,0.34874553344889786,0.08303012103386512
0.0244524551038466,0.8541621977654277,-0.09507154389749078
0.025778782359766002,1.324820474400442,-0.4397992802296925
0.026263699633100063,1.2030074295133093,-0.2847939925783468
0.0294013291127178,1.1261134002397037,-0.26047472148377065
0.029732562081412686,1.5563663704877035,-0.5683968215126091
0.03006997808382441,1.1798186798896217,-0.2951090512743791
0.03042804343047547,1.4596683280175962,-0.5506615896899445
0.0317818294568569,0.9863143079839667,-0.15539817013009935
0.03321772447643077,1.391891994081225,-0.5220862548661949
0.035040097850480775,0.7453190488464979,-0.03170740609266897
0.03518052292775773,1.2326314984928575,-0.33229496649359974
0.03636467648573352,-1.0455528770051277,0.8092884572457996
0.03660175175899919,1.1501039704444822,-0.2882298126819882
0.037383811365064086,1.6456021585317957,-0.4851015881515495
0.03884250634008887,1.2518648439933624,-0.4631084004948519
0.040112002258776924,1.2294411121699205,-0.43733565077110154
0.04026950522939918,1.4173315206221235,-0.551051233981249
0.0441455727416992,-1.3059454688293815,0.9688867087674896
0.0447761620453773,1.2333570313183486,-0.4239502647500616
0.046822641156286864,1.0582127048210737,-0.17571948837829157
0.04790005461133724,1.068595067531958,-0.2850853070847744
0.04889994643181551,1.403541070650406,-0.4790782455075641
0.050277236696436786,1.2059527703523596,-0.2668626818207611
0.05036383509814877,-0.9519332434718877,0.7985842035270269
0.05105154919939437,1.6757528115807931,-0.4557854078158652
0.05122000654996628,1.2282764653478606,-0.2791917303036626
0.05135264857672347,1.3849340240904966,-0.3475837657974757
0.052024369181401645,-1.119262470426571,0.8985994482989125
0.052340871408677894,1.0978620504543792,-0.352444971600627
0.05472442285312086,0.5546894356738976,0.07546821525409164
0.054990069304903084,1.211911646933884,-0.4071974702706596
0.05629089290163587,1.0154856803453212,-0.3416799526452879
0.05641489575400732,1.377654870711043,-0.39526684515767807
0.05731324415882743,0.753828285476068,-0.09928896180804767
0.05771881354468711,0.4236466071385195,0.06635649675587522
0.05792162028950424,1.922510795591697,-0.7224084149545036
0.059358666216299545,1.2982241944870467,-0.24262603468936078
0.059389034027248884,-0.9969455799102881,0.7147941837460873
0.06031055312436404,1.6024260940951924,-0.4755686507857596
0.061177127075437474,0.9452066795939649,-0.30211516928961013
0.06125853891117413,0.1779959057388469,0.21005484584533193
0.06129185568278641,1.0021615792968563,-0.1514817458526998
0.061442232816636494,1.1044937000695898,-0.23830591766993117
0.06189857049628305,1.0433451454398313,-0.2965407061624874
0.06195457199979476,-0.17353407053907566,0.435853503130841
0.06309056642206465,0.9093880512997632,-0.26219387159974555
0.06390493429298293,1.055967896719868,-0.25982425016669325
0.06623584056294025,0.8908348346161712,-0.18247073195937036
0.06643683730130308,1.1701765214168593,-0.22338767344315016
0.06947946741798924,1.3207064535809774,-0.3547483612309026
0.07268921235076797,-0.8177919333861092,0.752867033285719
0.07508560769205568,0.6472749752221737,0.031064652945700176
0.07536120947586208,1.0445794619897844,-0.15992088719697062
0.07557313572475731,1.2497107469363302,-0.24924613868100318
0.07675787479740574,0.6164453752039853,0.04030891321725676
0.07822111151809892,0.8749401996036494,-0.12350253323153589
0.0784379403538098,1.0706341696629391,-0.33713907210813404
0.07852152704357691,0.7979113720029276,-0.029226913529371627
0.0828240021195573,-0.7345813862083026,0.6712539236548992
0.08314385375515011,0.3085504191326143,0.10467524139378101
0.08317886001693019,0.998456872243045,-0.0984392294519441
0.08360314713078222,1.2298499848580131,-0.38332205153486765
0.08378796728222021,1.2894567664754648,-0.31481750351237725
0.0847242711834575,-0.783523308504326,0.6014676155546735
0.08712761207626916,1.710107484664245,-0.4346687458135812
0.09009185457022167,1.1469947558661646,-0.3339311357749061
0.09674033575701366,1.2264062071018003,-0.1986732310912296
0.09879932330588535,0.7459089817649329,-0.05944664390065627
0.10549090890217676,1.3326755579073082,-0.2791904452538829
0.10613492315539744,0.34655155071664695,0.10671748277475977
0.108304204473724,0.8093557330061247,-0.15898601701765794
0.10848125697068815,1.0703555674384435,-0.28700182900343457
0.1098483264399657,1.3280552866751119,-0.2692896961705475
0.11058676515539882,1.3564073297659693,-0.26102042743951054
0.11116908339917506,0.7242255491073403,0.009254702936542573
0.11148271644063522,0.26199357908404886,0.17455337364655857
0.11159580286086883,1.2233541736541689,-0.26895674703995315
0.1147445664646219,1.1267324286798635,-0.3167692542818321
0.11599210602695363,0.7482662687738489,0.03822379133222232
0.11865394768096268,-0.3605112793114368,0.5043928780508915
0.1273049379366339,0.43995301466656433,0.1281360598039058
0.12885556006962592,1.0523210800109444,-0.11052369105723613
0.12951875158707174,0.714082402814618,0.08590245325831573
0.13035705913060772,1.0294587553407588,-0.24226721479508997
0.13072699336838792,-0.17047911089830983,0.3262846518287578
0.13384768124710175,1.0834005592359053,-0.233581442355299
0.13392242176574778,-0.13919718825255345,0.41078854641894885
0.13431845606690979,1.4252289391609434,-0.4062453479013856
0.13574692436812308,0.7474899547872627,0.04252199629353999
0.13577086458269788,-1.1392069265758544,0.8081959112543444
0.13755299211261982,0.9227371427556973,-0.054111280048240534
0.13785043216321446,1.1296942620224637,-0.13828716699011684
0.13821099228222467,1.1356766910900524,-0.23794607002263723
0.13821726280702865,1.9761351989805396,-0.7130582762944825
0.14008871625006292,1.0243104662740286,-0.1824452437817094
0.14185992335674524,1.477445656324749,-0.29621363382121274
0.14321372612799088,0.9608098041961946,-0.015997327930726207
0.1436458730546706,0.7548194603323446,0.07907496807385866
0.1447032905752541,0.8635512754501223,-0.049551293135334636
0.14783903548761326,-0.48574074537065126,0.62647041481701
0.14875206055890208,0.10991036647367172,0.35374477094728024
0.14961014512822324,0.9574539313901514,-0.19126031482107173
0.14975944823919238,1.5728441309412549,-0.3969756224702131
0.15114710958119046,-1.3877636411918683,1.1174253778940617
0.15501818852725935,-1.0401014847699082,0.7691554665584562
0.15780296762801896,-0.1605884520049904,0.32717267328347577
0.158785526542074,1.1282853784333635,-0.28587765303937185
0.16183333344421133,0.21644839377939185,0.3416617936440355
0.16362822712555264,1.1801163415343667,-0.1317080458820505
0.1649424814128625,0.7519112184651418,-0.025841995519536577
0.1670200424616236,-1.2018958676691813,1.036576002611821
0.16897207610270673,0.9795080170704025,-0.10335801528659995
0.16921891745674747,0.019121823368521425,0.29324869945905224
0.1702188773969723,1.2022015179867958,-0.17620030808061257
0.17106658907125338,1.1992149231571148,-0.14233392512565127
0.1728547034587745,1.2216037725577922,-0.19971878038722282
0.17530180340855925,1.3038905757080799,-0.14887055753009545
0.17742142601571773,0.7185523910184762,-0.04627271840201339
0.1785445222014479,1.0638143397882176,-0.06945467119708314
0.17920821474456405,1.2880120858084758,-0.31847739381214835
0.17957490165899243,1.0829153572543249,-0.04666853265514295
0.1798903977479684,1.1150563275532142,-0.04710558560708847
0.1818987620801536,0.8600686940647573,-0.019358189528438142
0.18319883970832535,0.8860276965338209,-0.06773982887865514
0.18580471192926684,1.1999005489179346,-0.2660523766242335
0.18669233258183154,1.030773292654223,-0.10585508670502744
0.18825259872299166,-0.675450965407721,0.7776501033912827
0.19234892351914307,1.3764021526243055,-0.17494392162165878
0.19597885810004662,0.19556757574991498,0.3978870135987846
0.19789971133417292,0.7523175236880458,0.12668626467361016
0.201183632153233,1.3706733792824148,-0.36033982913616175
0.20613885480434938,1.570630893111707,-0.4431717591813854
0.20857637808660567,-0.19977259913883202,0.43456614341818034
0.2095301240037887,0.8552599372219938,0.00026854056637437156
0.2143997015690522,0.5419735474198168,0.22349337237763597
0.21481852889255595,1.049672653913121,-0.036956528144260696
0.215157614350361,0.8585721708533042,-0.07984317315126642
0.21654999942211983,1.5367697051597429,-0.4008139980340205
0.2195315681193092,0.7138885608061654,0.14211881732993117
0.21967941316963321,1.0346035974425898,0.003526067255495659
0.2240878167810175,0.7980633138777875,-0.035752439843961197
0.225599420237578,1.6529133920994672,-0.2736562070055187
0.226421458858901,1.3054089748525806,-0.15173011296558575
0.22656565638979997,-1.0971514558654412,1.0237400854140288
0.22726128549612176,2.0606904927710556,-0.48365124583115243
0.22781602834035125,1.1285766960606998,-0.05071664917903067
0.22881123284974458,0.4211536854394249,0.26190581172147415
0.23231906220867948,-1.2140897389859826,1.0266576984619111
0.2338481518230563,0.7451973615267381,0.16661824212863163
0.23873695935938805,-0.2595013215747875,0.6386119670095004
0.2411300857435027,1.2292351669027504,-0.05995072871613171
0.2411739525942897,1.360492696245077,-0.1551568261348771
0.2426281981010233,0.11634552278648966,0.45946093526572324
0.24636638667526678,1.6104155505295272,-0.2807000567006821
0.24664079423976226,-1.2771554665191702,1.0051735443269152
0.24915742990901465,0.7839782485557723,0.1545554761132938
0.25274644825531145,1.8456329594881762,-0.34587371131824035
0.2550268673732221,1.2185729136078596,-0.2508987065720068
0.26097234337090974,0.20307126024418284,0.39519043735962206
0.26328142230664003,2.0444605226579418,-0.46985434055723607
0.2637092816497118,1.7419174063098202,-0.4780640269550281
0.2639839757127733,0.1924850357134996,0.47459267438465924
0.2669529989244041,0.9887392105763604,-0.03325263664231145
0.2677255871474227,1.0747177664935197,-0.15116856600116807
0.2694820185946129,0.9158897391733856,0.03434566009197234
0.2708943287569135,1.7096457886654763,-0.3021347237703935
0.2739056484332416,0.5564720408451649,0.18419676653129805
0.2820438498372496,1.130707358856876,-0.10655030138989809
0.2873261348518512,-1.1730845968805974,1.0576121565849836
0.2878979823350818,-0.2715824891765222,0.6838051029872473
0.2899514480471284,0.7653948499979905,0.1340643806846682
0.29014925941578135,1.8300282590270893,-0.3786035869078152
0.29019413619792395,1.0605107677348447,-0.02522347947074923
0.29667397059094863,0.18286828773198313,0.38704139299557555
0.2982075209704892,1.1085673477775584,-0.1250858005613643
0.3030471171816743,1.3759246392861595,-0.10674467377017989
0.30316114558263246,1.2781416232803053,-0.03246744490279078
0.3064325625071337,1.6877366687352522,-0.20020523554079167
0.3100042796612356,1.685107269178332,-0.3881717488619791
0.31013977099741336,0.08325491981254167,0.5381743290894939
0.312030695047851,1.3531239737268048,-0.15497944156740803
0.3125528488876091,0.19211322470925607,0.5160617717714351
0.3160733333261358,1.112788123910389,0.045081501288100304
0.32081655575122836,0.7483450731874614,0.25972877164518937
0.3293847294558323,1.047206018826079,0.032840952674338696
0.33809517162126074,-0.025496751964002088,0.5526086204239508
0.34064937340939194,0.5819644124042316,0.17962826375491361
0.34153621859771427,-0.875229982836528,0.8841908770138583
0.34326542352748185,0.22643824230577925,0.48290452700638004
0.3438498921549382,1.334228358668177,-0.17516060871186115
0.3475875140883499,0.13404242602269612,0.39969957177877624
0.35604609397588954,-0.9787055877039613,0.9414287451804609
0.36188338727437763,0.2826920762635545,0.5099104191505435
0.3637566886191786,-0.8287286352989424,0.9813684504912285
0.36496160830861035,0.1412152596900308,0.5716494394435411
0.36555623496608647,0.9104903411618381,0.21193837716925665
0.36558612638990434,1.76021060076602,-0.3650594036420632
0.36626265273549286,1.3626956932669052,-0.009847699919383227
0.3674447565040285,1.393543332041014,-0.1529308355317371
0.37485704644467155,1.34408282930366,-0.15917036254440053
0.37505834277396327,0.8804203215703862,0.24822641479904825
0.3768319179325412,0.7950428264891026,0.2708332192631255
0.3817285991137848,0.7665328458644171,0.15191756833690231
0.38599182572637847,1.2702783068805206,-0.10764227908083636
0.38769587959278323,1.0726839935278272,-0.004940506618666543
0.39730341752226056,1.3404063201659226,-0.0057880640325720075
0.40062271066972205,1.5523491111515433,-0.1735281755811982
0.408314256565449,1.2721400585550782,0.06192818278727205
0.4188309168976304,-0.15117787343080985,0.7429320764855941
0.4194458619313871,0.3463494424793829,0.37104674624361644
0.42110076388496626,-0.24076549808344397,0.750052594954583
0.42540092500140103,0.7992260928178865,0.2558232159979811
0.435303725060021,0.7256155420714472,0.3712759394560195
0.4386890543803984,1.8247732406429258,-0.33260266680346895
0.4430352976581833,1.2749346934881003,0.09868580546111191
0.44531152790079087,1.6151959392876256,-0.21769395334397634
0.44852974755335445,0.8744268728612279,0.2962525737899069
0.4518446063422964,0.7699562987531369,0.19143006591911949
0.4575479269671689,1.2117106097649135,0.08335988333242651
0.45931321169988765,2.4784095666364276,-0.49796095118548095
0.46378976607471906,0.7021105734591702,0.38722567621488596
0.46736037174572953,-1.3653427064355277,1.3660982325639686
0.469681572135433,-1.3753385379878196,1.420016704645239
0.47147623542215816,1.5051493189582474,-0.007372716632406764
0.47591147511931553,-0.37085793461240507,0.9429887676566981
0.48013962470368093,-0.6522435735371247,1.0463090289456722
0.4825656276542072,1.1477615554745375,0.12287573610403088
0.4916083652590238,1.2044491881963115,0.189031897836468
0.4976634606555051,0.40683494268778436,0.5547267124923388
0.49962614455137916,1.1580028918085101,0.21077785919551012
0.5071215187633645,1.2021090036589746,0.11034247664688698
0.5086457010255488,-1.0433581982036497,1.2274655522122306
0.5147424483364952,0.05969100677434012,0.7500889334089921
0.5147806764027707,0.6401481388252961,0.49270490426232694
0.5194215620722874,-0.6093815005186558,0.9739786285515987
0.523298307742308,0.8547517358032273,0.2284515310791843
0.5381686699495604,2.072326198212247,-0.33252786869673784
0.5455499509675653,1.4748362817413534,-0.050765411616323086
0.5614086421859459,-0.9058123575750298,1.1898507265561389
0.5624140340788455,1.1365874313506918,0.1285768038684239
0.5640099653591963,-0.46834539436955286,1.0693351520777952
0.5702582365224548,1.240913140503806,0.17818388807281071
0.5773872034506284,-0.9487617348832127,1.3063625329018638
0.5775079744116369,-0.4265880095929593,1.044354578799361
0.5797498153371327,-0.948083974787823,1.2302476119263905
0.6021989384630656,1.2206155269056214,0.2209220584807273
0.6141718579919277,-0.0915077349120795,0.776170945770793
0.6222344111395718,1.2731782086852763,0.12436605461270578
0.6309845111821581,-0.02828022488534931,0.8153672897642946
0.6318264677282609,1.1854521043384019,0.31982612115604186
0.6342522435189399,1.1687025316542272,0.24328887010057745
0.6418045004341929,1.1276551118020506,0.3806241000232969
0.6494932388629359,0.8320093200406046,0.40529773423958654
0.6728543866274213,1.3791378714380023,0.2724639317661819
0.6739240974228966,0.920232305822886,0.4324242753681257
0.6856930959408418,-1.0364729976782712,1.2763829313166197
0.6878602755006944,1.8462636431031512,0.09182999817692733
0.6917637853041517,0.39197486308203894,0.6786358477622244
0.6929154655110604,0.11144442660643437,0.7748301177502237
0.6982462216881071,-1.1081931296663212,1.4350746381820605
0.7031536620519633,0.6428774022873442,0.6449894416917379
0.707605756829122,1.2670470641391167,0.3667948441115299
0.7096031646941636,1.0027869279506378,0.40635089308136435
0.7149707071688213,0.8072419905116834,0.4097365739102663
0.72266574808533,0.9509951770800963,0.4241007285125432
0.7230344555972973,0.09213123753649864,0.9750701455398455
0.7244486644385029,0.6085831663921425,0.5416234122713921
0.7254314207829914,1.4735006546902853,0.25707940793458667
0.7348711585955632,1.287168744852635,0.28775574506852236
0.7365114892868375,1.2528492388817853,0.30424374212968464
0.7511607965221886,0.6868274662389721,0.6786111881877844
0.7582286044211679,-1.0787926355057407,1.5390954157783172
0.7624628922989832,-1.0824394881406358,1.4861372579441416
0.7782536848202939,1.0428936054699511,0.38465353277435244
0.7819010159864828,1.0546975703408283,0.5334900551723162
0.8009929065011571,1.4600210348536504,0.350274508566363
0.8010671873110529,0.5210510582701299,0.7929680896182736
0.8221179988071367,1.3894932741164372,0.2857613146815756
0.8630121010400347,2.5296657337080335,-0.15287896755110603
0.8694565251358792,1.3810942825375025,0.47084295132114645
0.9438221459947103,0.6449599490687643,0.8917442096577561
0.9602934354871016,-1.1980948909074112,1.808928546283442
0.9813028450937549,1.5790158702463561,0.42846057621495554
0.9855089546877759,1.6450181017646843,0.4167049302538112
1.0375477969488212,0.1384387352626577,1.0797783531401952
1.059358067913113,1.211755077909103,0.7414448840218534
1.0668373530054187,1.2884812353698039,0.5556567722241864
1.0818642388704236,1.3191572849920368,0.5452657158709846
1.0910155206646208,0.7708298575940743,0.9967464751628018
1.126493561445293,0.866451666733241,0.9752662508039579
1.1266191840105606,-1.4684860105631148,2.0364077611628932
1.1367484916498918,-0.23550690355511264,1.511752070111918
1.1550774469734482,0.44921915015790187,1.225372158008983
1.2116673629581496,0.7021973992933382,1.1357698708152402
1.2317538020383705,0.9465377440169583,1.0005080497503138
1.2388254869814161,1.1012462410270853,0.9935876990576242
1.2797455650216654,1.2336656204358138,0.7805927925250923
1.279986013826159,-1.2493571385871647,2.1274927544806252
1.2842483264164901,-0.6547572183710327,1.8172731321681899
1.3060050266612027,0.5463366294045966,1.2932494384689577
1.3857867349422412,0.4707008385692343,1.3534571032489104
1.433449958618236,0.8889120240801082,1.1950340681838307
1.4346490911753973,3.363099777543353,-0.08524088334888877
1.4567374562381745,-0.1470170613054831,1.783864025348083
1.4770317290132389,1.0748447498575755,1.1394742802989597
1.5665501772929078,0.5756310085519124,1.5788779592544513
1.6730696605898947,1.7997060359925185,0.9612309435068896
1.8058747097409966,0.7835818109626308,1.6629391369142634
1.9418451641029826,0.3632622325767341,1.9930563593144186
1.9706575143962355,-0.7565096425108506,2.594848408830505
1.9784758714444248,0.5597555762918,1.9547294899261554
2.06985519926847,0.36173951730991144,1.9898014560328086
2.0972429507318298,0.27076723308432055,2.070881458911739
2.09804852958518,0.5545379871734111,2.0097954248759504
2.1994002496911422,-0.5259330239551705,2.576291046561912
2.2555436529483712,-0.4091918999770248,2.543882215024843
2.283403767611014,0.6527726841447352,2.2272400953998694
2.3309786326559143,1.144682504318055,1.9155271050754046
2.3348086057793846,8.887623219526203,-1.7484853517153165
2.367247785075972,-0.9268367415809928,3.0552160456024007
2.383970706213452,0.9967781641194994,2.149511694357771
2.396981452183791,1.7207726131693388,1.8025854360266422
2.5530091276959266,-1.3527504854023356,3.4212149075120273
2.5715995680889496,0.19195334373134942,2.723327119231526
2.6771244350865575,-1.5123068354289586,3.5343618612878727
2.693133415445401,-3.1045876683385787,-3.1486109852684785
2.7092262634762463,0.5809986776051123,2.6777365169180447
2.7276919120737206,-1.0077884510635606,3.445646441974844
2.753788693213573,1.0871507521892436,2.3789774715619
2.8351958737204908,-2.907779736415193,-3.167100547390739
2.85498005325975,-1.7721883565521255,-3.8102581717852724
2.8927571015111875,1.7082193742060428,2.3039236199751194
2.901078333916296,-2.842697519002921,-3.085246861135645
2.925549889807885,-2.687790184888914,-3.201000934684644
3.007832329060764,-1.739977078199141,-3.6520026372448675
3.022093593767545,0.8376586170405015,2.831154440852134
3.0315585551509625,-1.1096395594555357,-3.8276094956344004
3.0725057432616216,-1.898608318843763,-3.394360565853819
3.157067875543308,1.1744591617987723,2.824232753175353
3.2223225933601136,-2.460247657160124,-2.9547670553441687
3.3615454525943127,-0.8785931947456096,-3.5403275784462673
3.3897517524455822,-2.6930836153001336,-2.72157096567442
3.409185097475317,-2.551168905389018,-2.8547821604203065
3.479642050581668,-1.9146240375803782,-2.9876797308340164
3.534161082267553,-1.8941011146630111,-2.894675898171536
3.5511778319109113,-0.8389179758618218,-3.3992867998694845
3.6119801365894264,-1.90918606445796,-2.8540477563138285
3.6814284359370326,-0.7706541412111334,-3.3157657925908293
3.787789616441691,-1.7491156369269314,-2.8110154521733817
3.825467627213523,-1.4043381419379322,-2.920676169501268
3.828456648498008,-0.499392582070346,-3.2763049138702236
3.848606097150067,-1.4380126611026427,-2.9891468323233874
3.8614237795867097,-1.704299953973031,4.918719516937788
4.013157055481463,0.48141791832439623,3.8470404564897267
4.042799351021772,-1.4654767333417764,-2.7336939459168277
4.187209782425344,-0.9662222236779755,-2.7080313418923927
4.239994032349719,-0.4611168216632401,4.614251359588837
4.268365721108064,-1.5332207654997994,-2.4492192274390114
4.367118084429399,0.36476960092428534,4.389023322406287
4.411077642497187,-1.302568929998823,5.25880141199705
4.577656779220939,0.35870697062227314,4.637443376097787
4.585646648862217,0.7503875736429727,4.3651734119759915
4.636145467962119,1.0828430408141607,4.333600080236415
4.819355865196584,-1.5844920136911067,-1.7710587999731098
4.821664937819413,-1.9363754392215482,-1.6741915510751828
5.048014300407225,-1.8206089474378757,-1.6016911586184164
5.546164023942981,-0.3343150756081029,-1.8205204348428983
7.854802931771319,-1.2589957824157934,0.9559382540652412
7.898998293575532,-1.7247737243704258,-6.284282062603316
7.901161497246383,-3.580673821370829,-5.444043038106027
8.175814372086574,-3.816597829008761,-5.151602783740383
10.38276990510176,-1.055595863823705,10.883829561393933
10.43800609301495,-4.0921712845556355,-10.34726820049042
10.554810894971434,-2.1028757991146327,4.0516066309889025
